{"batchId":2508,"batchDate":"2017-04-11T09:48:58","batchCount":12,"captureStation":"TIMGWINPSIC01","documents":[{"guid":"5e3e9c3b-b455-4a4a-b644-8aef5bbc9376","formType":"Ind_Eng","docId":"911380810"},{"guid":"1f4c613a-aede-4191-9d50-c46ff98703f4","formType":"Ind_Eng","docId":"773020723"},{"guid":"32108af6-5598-414d-9294-704a1aa89c87","formType":"Ind_Eng","docId":"613948850"},{"guid":"18666f3f-631b-4406-8562-29183d124fce","formType":"Ind_Eng","docId":"911229640"},{"guid":"2d29305c-4087-4809-b4e1-36efb7de8775","formType":"Ind_Eng","docId":"614100730"},{"guid":"623db005-25dc-4e6e-b1b4-9f44fb21fe95","formType":"Ind_Eng","docId":"614100730"},{"guid":"0ce83ae4-f4ec-40e7-94d6-e83a1b05b667","formType":"Ind_Eng","docId":"613948850"},{"guid":"377ca2d6-a6ea-425f-bf46-732d24627b77","formType":"Ind_Eng","docId":"613948850"},{"guid":"4233da03-2b6a-4039-b2a6-d1d2c0e5a2d0","formType":"Ind_Eng","docId":"911541490"},{"guid":"65e2789c-046f-4791-8ccf-0e9add8ff51b","formType":"Ind_Eng","docId":"911732350"},{"guid":"12f75721-72e5-4755-94e4-8e7ae8d9ddf9","formType":"Ind_Eng","docId":"614100730"},{"guid":"f61bb961-14cd-43f6-ae5c-7826b1c63f58","formType":"Ind_Eng","docId":"614100730"}]}