{"batchId":2508,"batchDate":"2017-04-11T09:48:58","batchCount":12,"captureStation":"TIMGWINPSIC01","documents":[{"guid":"7ef75d8a-8d24-4703-8478-3ce77174d2f1","formType":"Ind_Eng","docId":"911380810"},{"guid":"5b524492-b055-4232-a892-1fedb3ad46a0","formType":"Ind_Eng","docId":"773020723"},{"guid":"1cdb6c20-8f4a-4f1b-85e0-6a4f850ad233","formType":"Ind_Eng","docId":"613948850"},{"guid":"7b157d9d-3ddd-4180-8807-689c1e7c30ce","formType":"Ind_Eng","docId":"911229640"},{"guid":"6fd51569-4a4e-4e0b-922a-80956c2d1c1c","formType":"Ind_Eng","docId":"614100730"},{"guid":"e12904c0-de1c-4743-a3f3-fedc6f0c3beb","formType":"Ind_Eng","docId":"614100730"},{"guid":"8bb01546-fd43-485c-87f2-d8b4324e47ce","formType":"Ind_Eng","docId":"613948850"},{"guid":"1061868c-b6b3-49ed-837c-d3d3b7788fd5","formType":"Ind_Eng","docId":"613948850"},{"guid":"d849a5bc-b01f-4613-82fa-c19b3e4c0a38","formType":"Ind_Eng","docId":"911541490"},{"guid":"53ca5b2e-ce07-4d61-bedd-7df19bc9649a","formType":"Ind_Eng","docId":"911732350"},{"guid":"c35116aa-5f39-4ac4-821e-5bada83bf4a8","formType":"Ind_Eng","docId":"614100730"},{"guid":"3e75a516-29e5-4d36-87a0-c7575a466d1e","formType":"Ind_Eng","docId":"614100730"}]}