{"batchId":2509,"batchDate":"2017-04-11T09:48:59","batchCount":11,"captureStation":"TIMGWINPSIC02","documents":[{"guid":"c6907a78-8cff-42b4-a311-75ecafe51cb4","formType":"Ind_Bil","docId":"642124311"},{"guid":"c54d44d6-3b54-48ec-a0d0-6cb66ae1922f","formType":"Ind_Bil","docId":"642867781"},{"guid":"9b36c6d3-14cb-4446-8e1f-739878e9fb97","formType":"Ind_Bil","docId":"642231401"},{"guid":"4f7e487f-292d-4c9e-bdcf-81a0706bcf1b","formType":"Ind_Bil","docId":"642231401"},{"guid":"63f5293a-590a-40f9-b738-ef5372cde794","formType":"Ind_Bil","docId":"642231401"},{"guid":"faecbb3b-7230-4f56-97be-b8ce3b23d56b","formType":"Ind_Bil","docId":"641222611"},{"guid":"403e4daf-3039-4635-b6cc-4a40795f8a95","formType":"Ind_Bil","docId":"641222611"},{"guid":"6ad6078f-2dbc-4064-9b5f-f014df14b7a5","formType":"Ind_Bil","docId":"641222611"},{"guid":"ce7dc765-8bef-408c-90f5-5a46abeb585a","formType":"Ind_Bil","docId":"642124311"},{"guid":"98f6095b-62b6-40f1-8797-d235bdcbd8d3","formType":"Ind_Bil","docId":"642124311"},{"guid":"73e4b5d6-a537-4cc5-93d3-e93f3acd3d62","formType":"Ind_Bil","docId":"642124311"}]}