{"batchId":2508,"batchDate":"2017-04-11T09:48:58","batchCount":12,"captureStation":"TIMGWINPSIC01","documents":[{"guid":"66815182-edd9-496e-bf4b-c74b9450e9d0","formType":"Ind_Eng","docId":"911380810"},{"guid":"8bd0cebd-cf54-4c55-b231-bfb11bdfa744","formType":"Ind_Eng","docId":"773020723"},{"guid":"9595ef9b-2914-46af-80a6-a024d03a2433","formType":"Ind_Eng","docId":"613948850"},{"guid":"2e808d75-09c3-4d9d-acf3-3c4db152fe29","formType":"Ind_Eng","docId":"911229640"},{"guid":"5dcca44d-f54a-4809-9915-ed08df88585f","formType":"Ind_Eng","docId":"614100730"},{"guid":"dee40597-67b1-492f-867a-90bf423aa63b","formType":"Ind_Eng","docId":"614100730"},{"guid":"d0df11e8-b4cb-411f-9d97-d93bac4db2da","formType":"Ind_Eng","docId":"613948850"},{"guid":"80b6aa9d-0ddf-4bf2-a425-8e2ec33eaaa5","formType":"Ind_Eng","docId":"613948850"},{"guid":"910ce02b-32ea-48dc-80cf-475094b4c867","formType":"Ind_Eng","docId":"911541490"},{"guid":"48bc7d16-4603-46a8-9459-2fa2e6885549","formType":"Ind_Eng","docId":"911732350"},{"guid":"092f2c37-e0e2-4478-9ad6-f7f0a1d2815d","formType":"Ind_Eng","docId":"614100730"},{"guid":"335d2551-3464-4bcd-94cc-8a636d60b413","formType":"Ind_Eng","docId":"614100730"}]}