{"batchId":2509,"batchDate":"2017-04-11T09:48:59","batchCount":11,"captureStation":"TIMGWINPSIC02","documents":[{"guid":"bc51a7fc-cdd0-4172-8f0b-c7c91edd590b","formType":"Ind_Bil","docId":"642124311"},{"guid":"63ee0a14-394c-4581-8bef-bd313d7f7bba","formType":"Ind_Bil","docId":"642867781"},{"guid":"f00d7665-ae09-4b83-9686-dcec858e7327","formType":"Ind_Bil","docId":"642231401"},{"guid":"bc8f1a2e-b2dd-45c0-be51-a16266c7c9b7","formType":"Ind_Bil","docId":"642231401"},{"guid":"8f71ae4a-6a5b-4055-805e-2627d84ad706","formType":"Ind_Bil","docId":"642231401"},{"guid":"80df0c99-4eaa-4c01-9e13-5cfc3ca4b587","formType":"Ind_Bil","docId":"641222611"},{"guid":"6ad9310b-ad60-480b-8b79-1d28f3d52015","formType":"Ind_Bil","docId":"641222611"},{"guid":"8ae31777-4df4-4554-aa99-6784028e50de","formType":"Ind_Bil","docId":"641222611"},{"guid":"0d973301-bbed-480e-88ad-16dd24773dee","formType":"Ind_Bil","docId":"642124311"},{"guid":"655fbba1-3023-46f2-b81b-c15555fde257","formType":"Ind_Bil","docId":"642124311"},{"guid":"820fae28-ab25-491a-b004-f04c563c885e","formType":"Ind_Bil","docId":"642124311"}]}