{"batchId":2508,"batchDate":"2017-04-11T09:48:58","batchCount":12,"captureStation":"TIMGWINPSIC01","documents":[{"guid":"7807064a-3bbd-4e29-9508-8c9bb00d2b18","formType":"Ind_Eng","docId":"911380810"},{"guid":"f0206f27-dade-43c1-8856-1c9e0472a38e","formType":"Ind_Eng","docId":"773020723"},{"guid":"de290bb4-d410-4474-b7d7-fee9ddff4f03","formType":"Ind_Eng","docId":"613948850"},{"guid":"cd67a53e-6dd8-4e1c-b0f0-b26eb21276b9","formType":"Ind_Eng","docId":"911229640"},{"guid":"512cc87c-addc-45a6-8ac8-b869efd5cfcd","formType":"Ind_Eng","docId":"614100730"},{"guid":"d70e540d-4ef1-4adb-845e-178c1e08dd66","formType":"Ind_Eng","docId":"614100730"},{"guid":"a69b5d1d-ea94-44b2-80d7-fffaa1ffd6eb","formType":"Ind_Eng","docId":"613948850"},{"guid":"7a9a8791-d7b7-44e9-b053-5a286b95aa0a","formType":"Ind_Eng","docId":"613948850"},{"guid":"2c9d013b-2a62-41b5-a092-1da9cdb1ac1b","formType":"Ind_Eng","docId":"911541490"},{"guid":"f5c14b86-8783-4d63-9f9c-21cfb11fc0eb","formType":"Ind_Eng","docId":"911732350"},{"guid":"3e3cc4ec-ef5a-4d66-964d-edd70c0cfea9","formType":"Ind_Eng","docId":"614100730"},{"guid":"be3934c9-e30b-4ab6-8fb5-9763f38f2ef7","formType":"Ind_Eng","docId":"614100730"}]}