{"batchId":2509,"batchDate":"2017-04-11T09:48:59","batchCount":11,"captureStation":"TIMGWINPSIC02","documents":[{"guid":"cefdf867-d1e5-46aa-b19a-f6a8e427c71e","formType":"Ind_Bil","docId":"642124311"},{"guid":"7b96e1b7-642a-4b8d-8e33-4719c383367f","formType":"Ind_Bil","docId":"642867781"},{"guid":"64fa0c67-5991-4cef-ae20-83d2c44a3e3f","formType":"Ind_Bil","docId":"642231401"},{"guid":"01144c13-95c0-4a61-a313-0b9dfad4adcd","formType":"Ind_Bil","docId":"642231401"},{"guid":"31156983-1aa1-4eeb-97a1-e0569718586c","formType":"Ind_Bil","docId":"642231401"},{"guid":"4ca59a06-e273-4286-8daa-044a44e54c75","formType":"Ind_Bil","docId":"641222611"},{"guid":"c1260671-33db-4c0a-a1cb-ce23bd9ddb5b","formType":"Ind_Bil","docId":"641222611"},{"guid":"f4e29725-f69b-48c4-85d5-013fa1d1be9a","formType":"Ind_Bil","docId":"641222611"},{"guid":"146acbd2-3172-49fa-93ee-c1d0267a29d6","formType":"Ind_Bil","docId":"642124311"},{"guid":"e8d39b47-cac0-4727-a305-76951c98ecee","formType":"Ind_Bil","docId":"642124311"},{"guid":"d0319108-2bbc-42a0-a0fd-ed3c5964f4de","formType":"Ind_Bil","docId":"642124311"}]}