{"batchId":2508,"batchDate":"2017-04-11T09:48:58","batchCount":12,"captureStation":"TIMGWINPSIC01","documents":[{"guid":"41afa980-2b71-4298-af76-8d149cb8d3db","formType":"Ind_Eng","docId":"911380810"},{"guid":"e8ef0363-a0ba-4a06-b173-6bd3ecef0635","formType":"Ind_Eng","docId":"773020723"},{"guid":"5df7cf81-7a4d-4163-84fe-f5e281c6ad5a","formType":"Ind_Eng","docId":"613948850"},{"guid":"c807327f-3b7b-4bbb-b11e-028efe1da799","formType":"Ind_Eng","docId":"911229640"},{"guid":"6edbef69-edc5-447f-b4e1-608478a98f26","formType":"Ind_Eng","docId":"614100730"},{"guid":"b880d492-e575-491e-9e29-5ba66b41cc89","formType":"Ind_Eng","docId":"614100730"},{"guid":"5dac8a29-37cd-4134-8ac8-03e0c02b7359","formType":"Ind_Eng","docId":"613948850"},{"guid":"3ed9348b-a329-4114-9968-d434bb0efbff","formType":"Ind_Eng","docId":"613948850"},{"guid":"eff97bb9-3f3a-4f03-8afb-615422c6e074","formType":"Ind_Eng","docId":"911541490"},{"guid":"7dd101a3-3b11-4a6c-9a6c-a90b7723fb09","formType":"Ind_Eng","docId":"911732350"},{"guid":"97441a94-be2d-4ba7-87a0-b43705b3099f","formType":"Ind_Eng","docId":"614100730"},{"guid":"cc612845-d315-4d8c-9c10-49ee2a1b7f4a","formType":"Ind_Eng","docId":"614100730"}]}