{"batchId":2509,"batchDate":"2017-04-11T09:48:59","batchCount":11,"captureStation":"TIMGWINPSIC02","documents":[{"guid":"57de3a90-5e64-4416-a669-052edf0f4980","formType":"Ind_Bil","docId":"642124311"},{"guid":"75877505-da1c-4751-b5c0-774c5e41f149","formType":"Ind_Bil","docId":"642867781"},{"guid":"0a5589da-f033-4a20-8270-9b1d73ca5885","formType":"Ind_Bil","docId":"642231401"},{"guid":"67a5377e-1607-4172-b0d8-270cde2e480a","formType":"Ind_Bil","docId":"642231401"},{"guid":"ed127762-7ac4-4a1a-9698-913587c82b78","formType":"Ind_Bil","docId":"642231401"},{"guid":"ce1c511b-e81e-47a0-a14d-d6ef3d86d1e9","formType":"Ind_Bil","docId":"641222611"},{"guid":"4318411a-7112-4744-b92c-d8c0d3f3481c","formType":"Ind_Bil","docId":"641222611"},{"guid":"5fb8d4d5-47b3-4f60-9554-f9a1be473870","formType":"Ind_Bil","docId":"641222611"},{"guid":"629c1348-f369-4b0f-970d-c8edae6b7bf7","formType":"Ind_Bil","docId":"642124311"},{"guid":"52ad560b-b056-49c3-9db2-0470a2dd793f","formType":"Ind_Bil","docId":"642124311"},{"guid":"7434f418-aa91-443d-9c44-577783754c4d","formType":"Ind_Bil","docId":"642124311"}]}