{"batchId":2508,"batchDate":"2017-04-11T09:48:58","batchCount":12,"captureStation":"TIMGWINPSIC01","documents":[{"guid":"43ac5f25-16a8-4646-9447-6028b4ff84b6","formType":"Ind_Eng","docId":"911380810"},{"guid":"1e2ea9af-e070-45be-aa8d-33c2425eef26","formType":"Ind_Eng","docId":"773020723"},{"guid":"6e3d362e-2296-4df5-96a6-a369dd0d7244","formType":"Ind_Eng","docId":"613948850"},{"guid":"4e9f0b72-9b11-4f7a-bd5f-bd8bea3692c9","formType":"Ind_Eng","docId":"911229640"},{"guid":"979cc324-a158-4724-8059-2cb56d8f4ed8","formType":"Ind_Eng","docId":"614100730"},{"guid":"2a4a13c1-aa07-4ab2-a7be-266194c80763","formType":"Ind_Eng","docId":"614100730"},{"guid":"31c99a4c-abf4-444b-a970-ac174dd10c95","formType":"Ind_Eng","docId":"613948850"},{"guid":"e822e9a6-e7f4-4ba1-8321-33942bafaedf","formType":"Ind_Eng","docId":"613948850"},{"guid":"96d71fb1-1c4b-4704-8f89-b698402bbcee","formType":"Ind_Eng","docId":"911541490"},{"guid":"f6abdfb4-8669-4b8b-80ca-f5e74567e883","formType":"Ind_Eng","docId":"911732350"},{"guid":"84e616f5-8433-4b29-bacb-07cc61a17cc5","formType":"Ind_Eng","docId":"614100730"},{"guid":"44535208-30cb-41ea-a0d2-07fc6b2d90d7","formType":"Ind_Eng","docId":"614100730"}]}