{"batchId":2509,"batchDate":"2017-04-11T09:48:59","batchCount":11,"captureStation":"TIMGWINPSIC02","documents":[{"guid":"5e2abbf3-47e0-4989-a877-3a20e0a2b030","formType":"Ind_Bil","docId":"642124311"},{"guid":"f476aa9b-53c9-436f-ba60-d4cda8a04d84","formType":"Ind_Bil","docId":"642867781"},{"guid":"4ee02722-dab8-4b81-8fc8-a81b04b508fb","formType":"Ind_Bil","docId":"642231401"},{"guid":"0274c584-bdb2-4da4-adf4-b6ed603bdf38","formType":"Ind_Bil","docId":"642231401"},{"guid":"1e67999f-82c0-4f4e-beb4-da545d2b22b7","formType":"Ind_Bil","docId":"642231401"},{"guid":"77882acc-0a58-4c53-8967-41b1c85e5add","formType":"Ind_Bil","docId":"641222611"},{"guid":"02e2989d-1d7a-4b7a-a154-1dad4ac37fec","formType":"Ind_Bil","docId":"641222611"},{"guid":"94052de3-c726-4209-92a3-d044942f17f0","formType":"Ind_Bil","docId":"641222611"},{"guid":"7a27bc9e-ac64-4d7c-a838-9335848ac5d2","formType":"Ind_Bil","docId":"642124311"},{"guid":"8a5e09ea-661e-457b-bf33-209776ea0626","formType":"Ind_Bil","docId":"642124311"},{"guid":"e0af1e0a-1fd2-48f4-8b9c-7f27a0bcf92b","formType":"Ind_Bil","docId":"642124311"}]}