{"batchId":2508,"batchDate":"2017-04-11T09:48:58","batchCount":12,"captureStation":"TIMGWINPSIC01","documents":[{"guid":"dcc1df14-7447-4b44-9574-01a3a410aeaa","formType":"Ind_Eng","docId":"911380810"},{"guid":"c48ccbf9-941f-4246-bf52-6ce7f8e9f17c","formType":"Ind_Eng","docId":"773020723"},{"guid":"0cb0c754-8b2f-490a-a7c4-f426e8f33668","formType":"Ind_Eng","docId":"613948850"},{"guid":"907d8b26-3be4-4afc-8e16-b3f15a2e9795","formType":"Ind_Eng","docId":"911229640"},{"guid":"fabb1231-4745-40f2-b654-4ff392cbdf9c","formType":"Ind_Eng","docId":"614100730"},{"guid":"3204c076-b197-41af-8b15-3e7f38fb4244","formType":"Ind_Eng","docId":"614100730"},{"guid":"e65a6543-7ad6-4a6c-8029-845de054f920","formType":"Ind_Eng","docId":"613948850"},{"guid":"3d4ef74f-6fad-4aac-a801-7430ca2f787a","formType":"Ind_Eng","docId":"613948850"},{"guid":"7ac14277-1099-437d-9588-360f4db8ab8d","formType":"Ind_Eng","docId":"911541490"},{"guid":"72c91767-d6f2-44c6-b5fe-608e8e14143d","formType":"Ind_Eng","docId":"911732350"},{"guid":"1aff7321-393a-41a4-a698-5366507013a3","formType":"Ind_Eng","docId":"614100730"},{"guid":"662fbffe-9402-4172-8b35-3557d7a2886d","formType":"Ind_Eng","docId":"614100730"}]}