{"batchId":2508,"batchDate":"2017-04-11T09:48:58","batchCount":12,"captureStation":"TIMGWINPSIC01","documents":[{"guid":"e9540bbb-5f31-400e-9257-048767cdb88a","formType":"Ind_Eng","docId":"911380810"},{"guid":"ef23f916-a0d2-4e50-a65e-23ee6458bfc8","formType":"Ind_Eng","docId":"773020723"},{"guid":"b9ed4220-7793-4026-94f7-5c2bb9d72c1b","formType":"Ind_Eng","docId":"613948850"},{"guid":"ada6da45-6e62-4486-a2f3-0d54df36649a","formType":"Ind_Eng","docId":"911229640"},{"guid":"5c6cd872-c6f2-4c33-87c1-203bc5726d04","formType":"Ind_Eng","docId":"614100730"},{"guid":"57eca7a7-28e7-4e74-a66f-308c62984d72","formType":"Ind_Eng","docId":"614100730"},{"guid":"7738e605-acb5-4846-8806-b2d707155e69","formType":"Ind_Eng","docId":"613948850"},{"guid":"3c0d8531-bb77-49ab-8886-a26444878a6b","formType":"Ind_Eng","docId":"613948850"},{"guid":"33b70ba2-4aa8-4575-9c1d-8faa439f7888","formType":"Ind_Eng","docId":"911541490"},{"guid":"94837687-b0d2-41b3-9d0f-0f1a18a08e65","formType":"Ind_Eng","docId":"911732350"},{"guid":"02593abd-41b8-40b3-884e-175b9661299a","formType":"Ind_Eng","docId":"614100730"},{"guid":"1125d4d8-574b-4dc1-9177-fb97880c9a80","formType":"Ind_Eng","docId":"614100730"}]}