{"batchId":2509,"batchDate":"2017-04-11T09:48:59","batchCount":11,"captureStation":"TIMGWINPSIC02","documents":[{"guid":"5ba282e6-43a5-4fbe-a76f-98a4e363ae30","formType":"Ind_Bil","docId":"642124311"},{"guid":"cd32ef4e-1407-4b3c-abf6-e8f075189f82","formType":"Ind_Bil","docId":"642867781"},{"guid":"17855932-759d-4f62-8d0a-57752b5f0605","formType":"Ind_Bil","docId":"642231401"},{"guid":"266111f5-cef2-42f7-b04d-9ae86bd3addf","formType":"Ind_Bil","docId":"642231401"},{"guid":"13087f9b-1369-4b3a-9c55-aaacc2f86d9a","formType":"Ind_Bil","docId":"642231401"},{"guid":"84b6af49-6c8e-429b-bfb2-fe7d326c27a7","formType":"Ind_Bil","docId":"641222611"},{"guid":"8650994a-44d8-48a7-acba-450d425ed216","formType":"Ind_Bil","docId":"641222611"},{"guid":"c1da290f-5765-4d42-ba56-245ed1380728","formType":"Ind_Bil","docId":"641222611"},{"guid":"eb1a155e-836e-4d08-afd2-1e2973f9a94a","formType":"Ind_Bil","docId":"642124311"},{"guid":"9dd64a22-361d-4328-bc2e-8acfe5f0c0c0","formType":"Ind_Bil","docId":"642124311"},{"guid":"f32fe4d4-22be-4de9-af80-ae03e00f41f6","formType":"Ind_Bil","docId":"642124311"}]}