{"batchId":2508,"batchDate":"2017-04-11T09:48:58","batchCount":12,"captureStation":"TIMGWINPSIC01","documents":[{"guid":"d873cda0-dd7b-426b-9d71-8ae8e79b98c8","formType":"Ind_Eng","docId":"911380810"},{"guid":"164421a5-c53c-489c-b3e3-ecbcd2292bf3","formType":"Ind_Eng","docId":"773020723"},{"guid":"c0a2dab9-ae25-41fe-a516-1d793c837984","formType":"Ind_Eng","docId":"613948850"},{"guid":"a46299fd-aae0-4a16-b6dd-35ab39a27a0f","formType":"Ind_Eng","docId":"911229640"},{"guid":"4f4d0a0c-632f-4759-a569-40efe9686e8e","formType":"Ind_Eng","docId":"614100730"},{"guid":"b8fc63cd-9e0b-4d6c-9dc7-0cfd07c11b66","formType":"Ind_Eng","docId":"614100730"},{"guid":"b830a164-068f-4d2c-bb85-c6816ef8b710","formType":"Ind_Eng","docId":"613948850"},{"guid":"5274afbc-bffa-4cfc-880a-6489766c21d7","formType":"Ind_Eng","docId":"613948850"},{"guid":"0b6a50d5-f45a-4758-83af-25f019aff3fd","formType":"Ind_Eng","docId":"911541490"},{"guid":"43f442ca-7523-443a-9857-4369264163e6","formType":"Ind_Eng","docId":"911732350"},{"guid":"e8e411e3-57bc-493c-a6dc-63a715a2279c","formType":"Ind_Eng","docId":"614100730"},{"guid":"a7844b32-53e5-4371-bc5d-152701dec85a","formType":"Ind_Eng","docId":"614100730"}]}