{"batchId":2509,"batchDate":"2017-04-11T09:48:59","batchCount":11,"captureStation":"TIMGWINPSIC02","documents":[{"guid":"8612fd94-cd7a-4023-9e7e-4edadc7cb619","formType":"Ind_Bil","docId":"642124311"},{"guid":"de9105dc-0f75-4ef3-a3f3-3e3c4fd08ae9","formType":"Ind_Bil","docId":"642867781"},{"guid":"9282f0d2-dedf-495a-81f5-6969b3f6db94","formType":"Ind_Bil","docId":"642231401"},{"guid":"e44c7a69-9423-4069-8c26-581c6fa00be4","formType":"Ind_Bil","docId":"642231401"},{"guid":"f45106ac-56f7-4e2a-b7f2-2e7dd116e91e","formType":"Ind_Bil","docId":"642231401"},{"guid":"6bbe8e69-c889-4074-bd3c-a15acb08c739","formType":"Ind_Bil","docId":"641222611"},{"guid":"8daf4f11-03c0-4d67-9465-e6605f9bb0ea","formType":"Ind_Bil","docId":"641222611"},{"guid":"191f9f2b-b79f-4ba6-b07d-3d150622ce78","formType":"Ind_Bil","docId":"641222611"},{"guid":"29a7e61c-ecb2-42c6-a8e1-8dfbf95fd94a","formType":"Ind_Bil","docId":"642124311"},{"guid":"a324166e-80ca-4470-8be5-1798e0501482","formType":"Ind_Bil","docId":"642124311"},{"guid":"0470db72-e3b7-4dc4-b4cf-aeff45b78b3e","formType":"Ind_Bil","docId":"642124311"}]}