{"batchId":2508,"batchDate":"2017-04-11T09:48:58","batchCount":12,"captureStation":"TIMGWINPSIC01","documents":[{"guid":"4432f9a1-a5df-49d3-9b26-5ecf6e8b6877","formType":"Ind_Eng","docId":"911380810"},{"guid":"8e23cd61-257f-4b28-9186-afe69f7604d3","formType":"Ind_Eng","docId":"773020723"},{"guid":"6e614a21-54e7-42e7-91b2-72346fd54e92","formType":"Ind_Eng","docId":"613948850"},{"guid":"2943edf1-229c-4415-84e3-f79a955fde86","formType":"Ind_Eng","docId":"911229640"},{"guid":"a26b8ae6-f69f-4e90-ba26-9e9785b6c4a6","formType":"Ind_Eng","docId":"614100730"},{"guid":"5404827e-0103-4bbe-9ba5-9bc4f7eddc21","formType":"Ind_Eng","docId":"614100730"},{"guid":"18c01d4c-b94f-4eb5-beaa-99b6694b54bc","formType":"Ind_Eng","docId":"613948850"},{"guid":"3dd822a4-b6e6-44e4-8e67-9974d11beb90","formType":"Ind_Eng","docId":"613948850"},{"guid":"0d956140-146a-4f1f-b9eb-a71615d55775","formType":"Ind_Eng","docId":"911541490"},{"guid":"77adafbf-74d6-4aa3-81d5-eea4dc2990c7","formType":"Ind_Eng","docId":"911732350"},{"guid":"0a56c780-69cb-45f4-9768-ba5cfb9bff53","formType":"Ind_Eng","docId":"614100730"},{"guid":"4c4e8da7-1fee-4625-bc9b-1059a2ef400f","formType":"Ind_Eng","docId":"614100730"}]}