{"batchId":2508,"batchDate":"2017-04-11T09:48:58","batchCount":12,"captureStation":"TIMGWINPSIC01","documents":[{"guid":"cb1610c7-947a-46ce-b77d-67f7cd7af429","formType":"Ind_Eng","docId":"911380810"},{"guid":"ac2d5370-4426-4fe5-b6e7-ca5a7caf9b7a","formType":"Ind_Eng","docId":"773020723"},{"guid":"99c275e1-e802-41cf-9d98-ac276cd008b0","formType":"Ind_Eng","docId":"613948850"},{"guid":"fd2bad0b-1a1e-42b6-8efb-a43924af2c78","formType":"Ind_Eng","docId":"911229640"},{"guid":"9a322b8e-67f4-491c-a512-ca11c7ca2472","formType":"Ind_Eng","docId":"614100730"},{"guid":"77803098-9192-4916-be97-99a1887ba4f7","formType":"Ind_Eng","docId":"614100730"},{"guid":"7a8c3b98-c28c-4256-b324-c10b9f4c8dec","formType":"Ind_Eng","docId":"613948850"},{"guid":"d589ef5f-1e8e-4c53-b27b-a311c0340d6a","formType":"Ind_Eng","docId":"613948850"},{"guid":"db5daf99-4af5-4ff7-a08f-b436262b4e0c","formType":"Ind_Eng","docId":"911541490"},{"guid":"8be818b4-441e-4f07-8452-a81ecfae54ef","formType":"Ind_Eng","docId":"911732350"},{"guid":"ee8b508d-b5df-426b-b88b-3e83fd4ba84f","formType":"Ind_Eng","docId":"614100730"},{"guid":"8df030ac-f7e3-4380-ba73-33f55ba8a255","formType":"Ind_Eng","docId":"614100730"}]}