{"batchId":2508,"batchDate":"2017-04-11T09:48:58","batchCount":12,"captureStation":"TIMGWINPSIC01","documents":[{"guid":"046bbc8a-c05c-4730-8cf9-e2ebeffceac6","formType":"Ind_Eng","docId":"911380810"},{"guid":"3e0062df-a24a-459b-9253-ac0193faaae0","formType":"Ind_Eng","docId":"773020723"},{"guid":"fefed248-e80b-409f-8aeb-327e3a813f9d","formType":"Ind_Eng","docId":"613948850"},{"guid":"0c27fd2d-8166-4a8e-ad01-0b934519963c","formType":"Ind_Eng","docId":"911229640"},{"guid":"ae109821-161b-4ef3-adfd-7f99f6a531b2","formType":"Ind_Eng","docId":"614100730"},{"guid":"f6db6c2c-265f-4a99-9baf-252f62a3794f","formType":"Ind_Eng","docId":"614100730"},{"guid":"9f4464fe-4c82-43ac-b682-7621262020bf","formType":"Ind_Eng","docId":"613948850"},{"guid":"818161fa-3744-4c88-b6fc-15f9dae4aafd","formType":"Ind_Eng","docId":"613948850"},{"guid":"0c58ca72-6502-4b83-8248-06d7b5c14082","formType":"Ind_Eng","docId":"911541490"},{"guid":"58eb6ace-b65e-4361-95c4-a42c4b9b3210","formType":"Ind_Eng","docId":"911732350"},{"guid":"e28dbce1-100c-4bb9-b971-b21fae5c7086","formType":"Ind_Eng","docId":"614100730"},{"guid":"ced9bd9b-0941-4445-816b-ffac3beb97a2","formType":"Ind_Eng","docId":"614100730"}]}