{"batchId":2509,"batchDate":"2017-04-11T09:48:59","batchCount":11,"captureStation":"TIMGWINPSIC02","documents":[{"guid":"bea5ef31-f716-4356-a12f-0a02d451a761","formType":"Ind_Bil","docId":"642124311"},{"guid":"4d78c1ae-c705-487e-9f62-dc77ec364e16","formType":"Ind_Bil","docId":"642867781"},{"guid":"1578ed9d-b2de-4fb2-81bb-4d638d96b8f6","formType":"Ind_Bil","docId":"642231401"},{"guid":"a2edb2fd-859b-4306-9228-39c54f208e13","formType":"Ind_Bil","docId":"642231401"},{"guid":"95d171f1-0783-4cab-aa8d-8e7c5ae5bdfd","formType":"Ind_Bil","docId":"642231401"},{"guid":"469a9c02-8c95-463f-ad22-0cadc0a4989e","formType":"Ind_Bil","docId":"641222611"},{"guid":"3abc0380-7f1d-447f-8f0b-db65918d9050","formType":"Ind_Bil","docId":"641222611"},{"guid":"d458dbe2-aa9f-4487-95ff-4d73ebbae6b6","formType":"Ind_Bil","docId":"641222611"},{"guid":"0ac38e4e-cf93-4143-90c9-df4be814aa4e","formType":"Ind_Bil","docId":"642124311"},{"guid":"c18ad22a-ac67-47f8-bfbe-8d0372c74c07","formType":"Ind_Bil","docId":"642124311"},{"guid":"9fefc0ae-4683-4f44-a4a9-e4bc506aaaeb","formType":"Ind_Bil","docId":"642124311"}]}