{"batchId":2508,"batchDate":"2017-04-11T09:48:58","batchCount":12,"captureStation":"TIMGWINPSIC01","documents":[{"guid":"bf0d3c9e-c521-4807-b515-67b61d4d7771","formType":"Ind_Eng","docId":"911380810"},{"guid":"7d23f13b-81b3-4b45-93af-111988141916","formType":"Ind_Eng","docId":"773020723"},{"guid":"f43aafe0-bcdc-4838-81d8-9e57a0b1a81f","formType":"Ind_Eng","docId":"613948850"},{"guid":"f4b92f38-5b33-47d9-9245-168c45374142","formType":"Ind_Eng","docId":"911229640"},{"guid":"3e627134-66c9-44c2-9ffc-6896907bf444","formType":"Ind_Eng","docId":"614100730"},{"guid":"e91c3e66-01b1-4988-b0fc-043d6a417016","formType":"Ind_Eng","docId":"614100730"},{"guid":"77bbddd3-1190-4bfb-b2c8-ddcd1b1447fd","formType":"Ind_Eng","docId":"613948850"},{"guid":"99b1b66a-1c36-47e6-859e-01a914f5ec1c","formType":"Ind_Eng","docId":"613948850"},{"guid":"80fb7184-9d42-4a09-9081-3fedff3824d2","formType":"Ind_Eng","docId":"911541490"},{"guid":"fd398ae0-fd78-4f85-a7d1-744ef05aafe1","formType":"Ind_Eng","docId":"911732350"},{"guid":"89b5642a-6ea9-48a6-bf3d-a585926f31ea","formType":"Ind_Eng","docId":"614100730"},{"guid":"9d3da42f-ff9a-4619-88b6-d69b33f2e7f4","formType":"Ind_Eng","docId":"614100730"}]}