{"batchId":2508,"batchDate":"2017-04-11T09:48:58","batchCount":12,"captureStation":"TIMGWINPSIC01","documents":[{"guid":"6a634527-384a-40d9-b297-a406b73e27a8","formType":"Ind_Eng","docId":"911380810"},{"guid":"5840c6b1-c6b7-4447-a9f0-e5e673cace88","formType":"Ind_Eng","docId":"773020723"},{"guid":"a8be143f-e33e-418c-972d-e157b76d0755","formType":"Ind_Eng","docId":"613948850"},{"guid":"a9f6a29b-6dad-41ac-9c4f-6be717df9a65","formType":"Ind_Eng","docId":"911229640"},{"guid":"1b6238dd-e3d4-49ca-8d46-8ccc3bfad9ee","formType":"Ind_Eng","docId":"614100730"},{"guid":"dd4e0c4c-cacf-416a-ae4e-608c8728029f","formType":"Ind_Eng","docId":"614100730"},{"guid":"b6dfde9d-8530-4760-ac00-8b195238a811","formType":"Ind_Eng","docId":"613948850"},{"guid":"d973acf1-2c96-4dff-a830-5ec1c67f1ace","formType":"Ind_Eng","docId":"613948850"},{"guid":"a89464cb-f46f-46ba-b51d-6b12c98d8d72","formType":"Ind_Eng","docId":"911541490"},{"guid":"88055fe8-8f15-4ce1-b4fe-85320ba82360","formType":"Ind_Eng","docId":"911732350"},{"guid":"6c36a874-bf30-4c8a-bdd5-8dfe58ae59aa","formType":"Ind_Eng","docId":"614100730"},{"guid":"891bda42-94a5-4d7f-b5cd-a4a6ee16dde1","formType":"Ind_Eng","docId":"614100730"}]}