{"batchId":2509,"batchDate":"2017-04-11T09:48:59","batchCount":11,"captureStation":"TIMGWINPSIC02","documents":[{"guid":"d176eb8d-4d52-449c-a7cd-d84480dcdcf1","formType":"Ind_Bil","docId":"642124311"},{"guid":"2da39313-c098-4017-b618-aed5e220bc5b","formType":"Ind_Bil","docId":"642867781"},{"guid":"60e83896-6060-4bfb-9226-8cf76ca48231","formType":"Ind_Bil","docId":"642231401"},{"guid":"1c7527f0-0b0c-4fa8-b17f-0a64e4262002","formType":"Ind_Bil","docId":"642231401"},{"guid":"b1036fae-a229-4a7f-abef-542f2af55481","formType":"Ind_Bil","docId":"642231401"},{"guid":"89702f1b-7b53-4250-95a6-8c4d9f289826","formType":"Ind_Bil","docId":"641222611"},{"guid":"44ed7b98-087c-4759-87b6-2f38d7fe99eb","formType":"Ind_Bil","docId":"641222611"},{"guid":"52aa4d45-fcae-4ece-bea3-baf6bb7f6a0d","formType":"Ind_Bil","docId":"641222611"},{"guid":"0682a03e-570a-48d6-94f3-a78b57587250","formType":"Ind_Bil","docId":"642124311"},{"guid":"3eff2518-246c-41fb-94db-b32f0dc67bca","formType":"Ind_Bil","docId":"642124311"},{"guid":"aec1a044-29cc-4019-92d1-2e0df7460cb0","formType":"Ind_Bil","docId":"642124311"}]}