{"batchId":2508,"batchDate":"2017-04-11T09:48:58","batchCount":12,"captureStation":"TIMGWINPSIC01","documents":[{"guid":"37deac3e-a9e5-4a85-80b8-54e5c0160bab","formType":"Ind_Eng","docId":"911380810"},{"guid":"998a0047-f0e3-4aaa-b86a-82fb1804d480","formType":"Ind_Eng","docId":"773020723"},{"guid":"3d570b50-6fa4-4f05-b23f-25c5f1355014","formType":"Ind_Eng","docId":"613948850"},{"guid":"545d2be2-7860-4d51-8748-6b88787efb9f","formType":"Ind_Eng","docId":"911229640"},{"guid":"1c5144ec-4424-4656-8196-86dbab0d84ed","formType":"Ind_Eng","docId":"614100730"},{"guid":"fae413c3-87c0-4cbe-9131-03886f7c3599","formType":"Ind_Eng","docId":"614100730"},{"guid":"72adfac2-0938-4bbc-8a51-108193046e41","formType":"Ind_Eng","docId":"613948850"},{"guid":"ace7fe2c-b4cf-456b-a9d2-76e43ad0a7cb","formType":"Ind_Eng","docId":"613948850"},{"guid":"62c16996-6f32-4ede-8d6c-7459b31486b8","formType":"Ind_Eng","docId":"911541490"},{"guid":"ab5ac505-75e7-4226-8e7b-ea4d35c21c14","formType":"Ind_Eng","docId":"911732350"},{"guid":"af3ee1e2-1ec6-4371-8309-12ea4c3ceec4","formType":"Ind_Eng","docId":"614100730"},{"guid":"a47186ae-04e5-4013-8e9a-7c91d274b27c","formType":"Ind_Eng","docId":"614100730"}]}