{"batchId":2509,"batchDate":"2017-04-11T09:48:59","batchCount":11,"captureStation":"TIMGWINPSIC02","documents":[{"guid":"dc1fd1df-2acb-4b03-b42d-cfbad14822e8","formType":"Ind_Bil","docId":"642124311"},{"guid":"f809a834-79fa-4cab-90a9-2909104a82bc","formType":"Ind_Bil","docId":"642867781"},{"guid":"f414239d-2caf-4eaa-a495-b6346e4f0a97","formType":"Ind_Bil","docId":"642231401"},{"guid":"eb4de18f-efb9-425d-8d4c-33f6dac4606b","formType":"Ind_Bil","docId":"642231401"},{"guid":"b4324434-4645-4ef7-b4fc-39db7b3c36f5","formType":"Ind_Bil","docId":"642231401"},{"guid":"935c7f58-a7da-4a2f-942e-b2f2e58bb6af","formType":"Ind_Bil","docId":"641222611"},{"guid":"9ed81c7b-a976-417e-9935-66aa4b3b61a4","formType":"Ind_Bil","docId":"641222611"},{"guid":"53cd5fe4-6d60-432e-b875-e8f66576bfb0","formType":"Ind_Bil","docId":"641222611"},{"guid":"87866909-831c-4b0e-b6bf-d8efab647f23","formType":"Ind_Bil","docId":"642124311"},{"guid":"c15c38cb-728b-4f0f-9e8f-c1d1ee509944","formType":"Ind_Bil","docId":"642124311"},{"guid":"6b6fcd06-bc10-4487-a1dc-6729e1eeb3da","formType":"Ind_Bil","docId":"642124311"}]}