{"batchId":2509,"batchDate":"2017-04-11T09:48:59","batchCount":11,"captureStation":"TIMGWINPSIC02","documents":[{"guid":"2e3a66cd-fa68-42c6-bbb5-80bd58b4813f","formType":"Ind_Bil","docId":"642124311"},{"guid":"8826ca7a-22cf-4b1c-b5b2-2f47381aad58","formType":"Ind_Bil","docId":"642867781"},{"guid":"f12221e2-48af-4622-ae61-80215a1b36e4","formType":"Ind_Bil","docId":"642231401"},{"guid":"619acbd6-f419-4acf-845f-c71c028d6f92","formType":"Ind_Bil","docId":"642231401"},{"guid":"244a7a58-f537-4340-bdfd-ad67f0d2063a","formType":"Ind_Bil","docId":"642231401"},{"guid":"fd7ac7e4-987c-40f2-82cf-e47cf5c2e8cd","formType":"Ind_Bil","docId":"641222611"},{"guid":"f8402a61-a8c7-4791-b949-379000ffff9d","formType":"Ind_Bil","docId":"641222611"},{"guid":"4ffe4a77-8c97-40af-bca7-d000d3a2ceb4","formType":"Ind_Bil","docId":"641222611"},{"guid":"7a1a64cd-b532-4f89-a923-4c63e8594b20","formType":"Ind_Bil","docId":"642124311"},{"guid":"54a8da61-0d62-409c-ae75-367de1837370","formType":"Ind_Bil","docId":"642124311"},{"guid":"c9be8008-f44d-4728-aa42-835f3f175035","formType":"Ind_Bil","docId":"642124311"}]}