{"batchId":2508,"batchDate":"2017-04-11T09:48:58","batchCount":12,"captureStation":"TIMGWINPSIC01","documents":[{"guid":"295f4219-3c98-429a-a215-2d3c9bce5420","formType":"Ind_Eng","docId":"911380810"},{"guid":"5fb960cd-a59d-4310-8ba2-c4ee111cd39f","formType":"Ind_Eng","docId":"773020723"},{"guid":"a32b3372-4c10-41af-8345-7eb80aaf3afe","formType":"Ind_Eng","docId":"613948850"},{"guid":"64abce7a-5b1d-4b43-bd68-f13787bf4c88","formType":"Ind_Eng","docId":"911229640"},{"guid":"50ffa722-0c5d-447f-b435-9a41f24cac86","formType":"Ind_Eng","docId":"614100730"},{"guid":"5a496e65-f7ca-49c0-910e-6d427a0b5e1a","formType":"Ind_Eng","docId":"614100730"},{"guid":"99bb7cc5-2f5e-4b1f-be43-4356b151c9ea","formType":"Ind_Eng","docId":"613948850"},{"guid":"b04d9ad9-9f71-4dba-9d9d-8d9ff44747d7","formType":"Ind_Eng","docId":"613948850"},{"guid":"6f3d72a8-3181-4492-93e4-a33b2ef53512","formType":"Ind_Eng","docId":"911541490"},{"guid":"0058582b-689c-4b3d-9073-9748cdfa6a1f","formType":"Ind_Eng","docId":"911732350"},{"guid":"7fea3374-0a31-4839-ae8f-c2fd03c0d26c","formType":"Ind_Eng","docId":"614100730"},{"guid":"ea1d7248-36f4-4d23-ba58-d5135b64293a","formType":"Ind_Eng","docId":"614100730"}]}