{"batchId":2508,"batchDate":"2017-04-11T09:48:58","batchCount":12,"captureStation":"TIMGWINPSIC01","documents":[{"guid":"51a31676-3913-4aa7-bcfd-9fb4159814b8","formType":"Ind_Eng","docId":"911380810"},{"guid":"e2104d36-e454-4720-8763-3cdf5246bde9","formType":"Ind_Eng","docId":"773020723"},{"guid":"d517086d-6df3-4b74-9dd5-8ab0de6f0e06","formType":"Ind_Eng","docId":"613948850"},{"guid":"1d97ba1e-a738-48d1-a57e-c689ef1208f8","formType":"Ind_Eng","docId":"911229640"},{"guid":"711368f9-19dc-400e-803f-a1c52c28ffa1","formType":"Ind_Eng","docId":"614100730"},{"guid":"63b30283-9465-4699-a39f-47d8fbbeaac8","formType":"Ind_Eng","docId":"614100730"},{"guid":"8635ef1e-e554-4427-84ed-e9e7d2698c97","formType":"Ind_Eng","docId":"613948850"},{"guid":"67324b4a-da2a-419c-af47-91ff1e045289","formType":"Ind_Eng","docId":"613948850"},{"guid":"92ef2a95-13e5-4aa6-bd08-77710986d74b","formType":"Ind_Eng","docId":"911541490"},{"guid":"96269694-752c-48ef-b373-4ddd54081b80","formType":"Ind_Eng","docId":"911732350"},{"guid":"2b9efe74-133b-4daf-bb91-00b5f514da26","formType":"Ind_Eng","docId":"614100730"},{"guid":"0de45eda-1c68-4a73-9af4-bc26d5673574","formType":"Ind_Eng","docId":"614100730"}]}