{"batchId":2509,"batchDate":"2017-04-11T09:48:59","batchCount":11,"captureStation":"TIMGWINPSIC02","documents":[{"guid":"a45feff0-3586-4989-b4cc-97ac0f307edc","formType":"Ind_Bil","docId":"642124311"},{"guid":"145aac06-9e25-47c5-aca0-1f20e8b4a01a","formType":"Ind_Bil","docId":"642867781"},{"guid":"639a86fc-468d-4c06-a71c-914db3ed3614","formType":"Ind_Bil","docId":"642231401"},{"guid":"95b446bd-de5d-4dd2-b895-11b03c3e5664","formType":"Ind_Bil","docId":"642231401"},{"guid":"492b68a8-223a-4330-a35c-c5f0f3221f6e","formType":"Ind_Bil","docId":"642231401"},{"guid":"ce5fc538-4b42-4519-8700-0b705f82c13d","formType":"Ind_Bil","docId":"641222611"},{"guid":"51d45663-4ea4-461e-849c-75f517920110","formType":"Ind_Bil","docId":"641222611"},{"guid":"37e188bb-ba35-498f-bd64-2a442c3e0330","formType":"Ind_Bil","docId":"641222611"},{"guid":"cc6a1b94-2695-4095-bf38-895993fc78d5","formType":"Ind_Bil","docId":"642124311"},{"guid":"f67db0e3-e2a4-414c-a98a-07d20bef4c8e","formType":"Ind_Bil","docId":"642124311"},{"guid":"7e8350b5-9233-4762-9bc4-c48956c0e0b4","formType":"Ind_Bil","docId":"642124311"}]}