{"batchId":2508,"batchDate":"2017-04-11T09:48:58","batchCount":12,"captureStation":"TIMGWINPSIC01","documents":[{"guid":"b0e8afc6-d98b-46b3-8d2e-dc2eb7e14463","formType":"Ind_Eng","docId":"911380810"},{"guid":"40b63066-0a60-4532-8f62-8adc72f8be58","formType":"Ind_Eng","docId":"773020723"},{"guid":"1e9c70ab-015d-498e-a50c-7af9ae3570ae","formType":"Ind_Eng","docId":"613948850"},{"guid":"2a690188-2156-42ba-ba87-877712bb5b57","formType":"Ind_Eng","docId":"911229640"},{"guid":"fb915ec3-3b1a-4aae-a649-1a7e82948499","formType":"Ind_Eng","docId":"614100730"},{"guid":"262a5f63-912f-4983-bd63-f7235ddd89e5","formType":"Ind_Eng","docId":"614100730"},{"guid":"c3e62d2c-eea2-4662-9832-01b8160badd8","formType":"Ind_Eng","docId":"613948850"},{"guid":"6c9ea467-d454-4c77-bc2e-db86d9bb4094","formType":"Ind_Eng","docId":"613948850"},{"guid":"d090aa86-e434-4218-bae1-20654a24e0c6","formType":"Ind_Eng","docId":"911541490"},{"guid":"b18410eb-4a20-4c18-ba72-436734ef184c","formType":"Ind_Eng","docId":"911732350"},{"guid":"3731f971-83b6-41c1-9ce1-3d553335e0fa","formType":"Ind_Eng","docId":"614100730"},{"guid":"70ba8c4a-840c-4b8b-9abf-212f0486966a","formType":"Ind_Eng","docId":"614100730"}]}