{"batchId":2508,"batchDate":"2017-04-11T09:48:58","batchCount":12,"captureStation":"TIMGWINPSIC01","documents":[{"guid":"0c692ee8-9a39-424d-b20e-5a9b1b9248ca","formType":"Ind_Eng","docId":"911380810"},{"guid":"27addc5b-1881-4421-b7f2-d31577e06f24","formType":"Ind_Eng","docId":"773020723"},{"guid":"443afa1e-8122-4c4a-b117-7b0539dd6386","formType":"Ind_Eng","docId":"613948850"},{"guid":"e0e47154-419a-4f87-acd1-2223b36b8539","formType":"Ind_Eng","docId":"911229640"},{"guid":"1c92250f-27ad-4dc0-8e08-48ba57a4a689","formType":"Ind_Eng","docId":"614100730"},{"guid":"7d13d249-2820-47fa-9707-ee290432f030","formType":"Ind_Eng","docId":"614100730"},{"guid":"e64e43e6-8211-4540-9d8d-d60b06f964b4","formType":"Ind_Eng","docId":"613948850"},{"guid":"08c1ab6a-d9b7-47fc-b833-c73d374e5883","formType":"Ind_Eng","docId":"613948850"},{"guid":"e6b9f2a7-2df0-4fbb-9a96-5ffc770e19f6","formType":"Ind_Eng","docId":"911541490"},{"guid":"c6add1a7-5eaf-417b-9e87-a6bcbe0d9b16","formType":"Ind_Eng","docId":"911732350"},{"guid":"2864b34e-d613-4055-9b39-c008ac1d3227","formType":"Ind_Eng","docId":"614100730"},{"guid":"3d075b5f-fc9c-4bd8-ab95-7260b1e55bb3","formType":"Ind_Eng","docId":"614100730"}]}