{"batchId":2509,"batchDate":"2017-04-11T09:48:59","batchCount":11,"captureStation":"TIMGWINPSIC02","documents":[{"guid":"b316fc47-8c54-4fc3-a6a5-89bb2393ea52","formType":"Ind_Bil","docId":"642124311"},{"guid":"1d32f51c-faa3-4f40-bdcf-558ff05627ec","formType":"Ind_Bil","docId":"642867781"},{"guid":"a14b34e9-54f6-43c9-a6e2-70b5a161d875","formType":"Ind_Bil","docId":"642231401"},{"guid":"f00fcc52-3553-47cc-b99a-a50c47c1e810","formType":"Ind_Bil","docId":"642231401"},{"guid":"53251134-9f26-4452-9a0e-0dd02d1c1f17","formType":"Ind_Bil","docId":"642231401"},{"guid":"a739345f-2014-4873-92d9-8da3487c826a","formType":"Ind_Bil","docId":"641222611"},{"guid":"d83d29fb-3a65-4085-ba9c-bb0a71996d49","formType":"Ind_Bil","docId":"641222611"},{"guid":"1cc5f72a-8f85-4036-8cf1-fee83bc2a629","formType":"Ind_Bil","docId":"641222611"},{"guid":"0d968fff-bc9b-4e33-970a-1c3bd3633394","formType":"Ind_Bil","docId":"642124311"},{"guid":"e792e842-ce09-40b1-b9c6-1af660d8532f","formType":"Ind_Bil","docId":"642124311"},{"guid":"343cb618-9d1f-4d92-9468-86bc56c95666","formType":"Ind_Bil","docId":"642124311"}]}