{"batchId":2509,"batchDate":"2017-04-11T09:48:59","batchCount":11,"captureStation":"TIMGWINPSIC02","documents":[{"guid":"705bf118-4c4b-4ccc-9d57-f78347f76f16","formType":"Ind_Bil","docId":"642124311"},{"guid":"17560a1b-7121-445e-a196-123e6e021fd3","formType":"Ind_Bil","docId":"642867781"},{"guid":"b5c5b1e6-ee34-4424-8583-b2251be6ac01","formType":"Ind_Bil","docId":"642231401"},{"guid":"21e35d7c-4bd0-46a8-bec0-8129bd4df2bd","formType":"Ind_Bil","docId":"642231401"},{"guid":"39bb1a87-e523-4bef-92f7-f13ff6623688","formType":"Ind_Bil","docId":"642231401"},{"guid":"37734acd-4050-42d2-8af1-490608f1847e","formType":"Ind_Bil","docId":"641222611"},{"guid":"1e509800-57a0-47df-b67e-bdeba4ccdc8a","formType":"Ind_Bil","docId":"641222611"},{"guid":"dd308fc2-d934-4aa4-a967-7663e755efdc","formType":"Ind_Bil","docId":"641222611"},{"guid":"18bcbf01-3fd3-4dc3-a58f-24590759371a","formType":"Ind_Bil","docId":"642124311"},{"guid":"7399ab8c-63b3-4666-8483-6afb31ed3f2a","formType":"Ind_Bil","docId":"642124311"},{"guid":"5bdec341-701d-48e2-b4cc-9888937cdb17","formType":"Ind_Bil","docId":"642124311"}]}