{"batchId":2509,"batchDate":"2017-04-11T09:48:59","batchCount":11,"captureStation":"TIMGWINPSIC02","documents":[{"guid":"c9e63dc1-40ec-4872-adb7-89b9b741ffd7","formType":"Ind_Bil","docId":"642124311"},{"guid":"ca73e8a0-009c-4328-94e2-7e8dbc451440","formType":"Ind_Bil","docId":"642867781"},{"guid":"d5e1f3db-41fd-4253-b0c0-5e69460baa34","formType":"Ind_Bil","docId":"642231401"},{"guid":"90f2ed70-8c63-4c10-8e15-2a001f7a1ade","formType":"Ind_Bil","docId":"642231401"},{"guid":"21d3af83-9025-4d2f-9858-d09852b34db4","formType":"Ind_Bil","docId":"642231401"},{"guid":"1fd1b7ef-4bd4-4833-bf64-4bc358a74644","formType":"Ind_Bil","docId":"641222611"},{"guid":"5a72ccfe-e79c-497f-b4f6-b4926eabda9d","formType":"Ind_Bil","docId":"641222611"},{"guid":"aec65e13-81c0-42db-9d58-7f64f3dfcf8a","formType":"Ind_Bil","docId":"641222611"},{"guid":"db046bee-19a2-42b4-be34-19888ec1b16b","formType":"Ind_Bil","docId":"642124311"},{"guid":"46f0130c-0d39-4bad-aeaa-75829a5373c9","formType":"Ind_Bil","docId":"642124311"},{"guid":"cc2af0ee-3d73-4864-a799-b61c9ce2b262","formType":"Ind_Bil","docId":"642124311"}]}