{"batchId":2508,"batchDate":"2017-04-11T09:48:58","batchCount":12,"captureStation":"TIMGWINPSIC01","documents":[{"guid":"03be0ae0-8c39-4501-af03-14ea16303139","formType":"Ind_Eng","docId":"911380810"},{"guid":"a0e99a56-8ba7-40c4-93b8-ba7bc80790d9","formType":"Ind_Eng","docId":"773020723"},{"guid":"acdb7496-61a6-4760-84fa-7a942274a557","formType":"Ind_Eng","docId":"613948850"},{"guid":"50b2c405-d6e6-4ecb-a48a-89ca11a8646b","formType":"Ind_Eng","docId":"911229640"},{"guid":"8c24b534-607d-4f4c-b503-87d5b1e9b0ad","formType":"Ind_Eng","docId":"614100730"},{"guid":"32123159-e773-4d10-89f7-02e757cec23a","formType":"Ind_Eng","docId":"614100730"},{"guid":"ee1957f1-319a-4fc9-8e05-c84d13b0387d","formType":"Ind_Eng","docId":"613948850"},{"guid":"17a7487b-e7a8-411d-99d9-db0b921f6646","formType":"Ind_Eng","docId":"613948850"},{"guid":"36b39d9f-cee7-4504-9ead-baecd741e54d","formType":"Ind_Eng","docId":"911541490"},{"guid":"fefeb408-8369-410f-bd16-e81b5a7fd933","formType":"Ind_Eng","docId":"911732350"},{"guid":"87b5ed11-2d53-4601-b834-545f6f5cab2a","formType":"Ind_Eng","docId":"614100730"},{"guid":"2fc5aee4-9783-4882-b390-8417cb5c9625","formType":"Ind_Eng","docId":"614100730"}]}