{"batchId":2509,"batchDate":"2017-04-11T09:48:59","batchCount":11,"captureStation":"TIMGWINPSIC02","documents":[{"guid":"0cb04931-8373-472b-ba98-38917ca05034","formType":"Ind_Bil","docId":"642124311"},{"guid":"a9039a07-838f-4ef5-99d5-37fccea14e60","formType":"Ind_Bil","docId":"642867781"},{"guid":"865540b1-6ddf-4022-bbf8-67b79d8470af","formType":"Ind_Bil","docId":"642231401"},{"guid":"9c405dd1-489e-4a8f-82bd-de2dfdd04de0","formType":"Ind_Bil","docId":"642231401"},{"guid":"adaf5b0d-c1af-4186-8491-cfed081e0af8","formType":"Ind_Bil","docId":"642231401"},{"guid":"691500d7-1c72-4f12-958d-ca9148173675","formType":"Ind_Bil","docId":"641222611"},{"guid":"0aa27c53-324e-4ea6-85e6-391914c57046","formType":"Ind_Bil","docId":"641222611"},{"guid":"ba340ead-b0f9-454e-b022-a5820ce72e41","formType":"Ind_Bil","docId":"641222611"},{"guid":"c6384d81-6ada-43fe-9584-080eca9ca82a","formType":"Ind_Bil","docId":"642124311"},{"guid":"c679dfec-6e7c-41d5-8e80-45925cb727d7","formType":"Ind_Bil","docId":"642124311"},{"guid":"4cec23bb-5b70-4ecb-b49a-06ce35c992bd","formType":"Ind_Bil","docId":"642124311"}]}