{"batchId":2509,"batchDate":"2017-04-11T09:48:59","batchCount":11,"captureStation":"TIMGWINPSIC02","documents":[{"guid":"305c4554-c345-425f-b584-c1a16df397b0","formType":"Ind_Bil","docId":"642124311"},{"guid":"bc088961-6c7d-49c4-b3d7-a1530fc080e3","formType":"Ind_Bil","docId":"642867781"},{"guid":"9b39aef3-0df2-4fe1-88fb-35ff9512b41f","formType":"Ind_Bil","docId":"642231401"},{"guid":"349bcda0-8d90-42fd-83f3-536a209357d5","formType":"Ind_Bil","docId":"642231401"},{"guid":"d4a23b11-161d-4597-9e4b-96bc59917d6e","formType":"Ind_Bil","docId":"642231401"},{"guid":"6adabc85-fe7c-449a-ba19-e58d7e28a4d7","formType":"Ind_Bil","docId":"641222611"},{"guid":"6f496d4e-6606-41b5-8842-b152a5f64a33","formType":"Ind_Bil","docId":"641222611"},{"guid":"d140c180-93b4-4794-bd4b-597fd9aef18b","formType":"Ind_Bil","docId":"641222611"},{"guid":"6cb4e2ee-7069-4af7-b008-6fa7305582ab","formType":"Ind_Bil","docId":"642124311"},{"guid":"75a7e4e1-bc60-4e34-9656-2ed89861a9b7","formType":"Ind_Bil","docId":"642124311"},{"guid":"a5257f9b-0bed-4a97-a215-3275df5f2777","formType":"Ind_Bil","docId":"642124311"}]}