{"batchId":2509,"batchDate":"2017-04-11T09:48:59","batchCount":11,"captureStation":"TIMGWINPSIC02","documents":[{"guid":"7bda8d37-0c53-4781-a818-671ae08fb6da","formType":"Ind_Bil","docId":"642124311"},{"guid":"2c3eff56-2ebf-42f2-a597-de6241ba900a","formType":"Ind_Bil","docId":"642867781"},{"guid":"0202ea94-9afb-4fb6-85c6-408f2623c9bc","formType":"Ind_Bil","docId":"642231401"},{"guid":"32eeb3f9-a3d6-4aff-8093-4ec0010ee0fa","formType":"Ind_Bil","docId":"642231401"},{"guid":"48263a7e-34a0-4c75-87c4-f7faa2b30a37","formType":"Ind_Bil","docId":"642231401"},{"guid":"b6d47a18-fccd-4e8c-8ce1-76ef6a3b501d","formType":"Ind_Bil","docId":"641222611"},{"guid":"0a88d09e-5c95-4fe4-9836-cad96f7dfce4","formType":"Ind_Bil","docId":"641222611"},{"guid":"88a8fc41-fc8a-41f3-aa5b-718e57ae88b4","formType":"Ind_Bil","docId":"641222611"},{"guid":"3af8ee95-aa68-45ae-983c-9534e31bb938","formType":"Ind_Bil","docId":"642124311"},{"guid":"635f4160-0162-4c0e-8c7a-607702cc89a2","formType":"Ind_Bil","docId":"642124311"},{"guid":"7e60dcf0-abb3-4bf6-b34e-5a1bae28000b","formType":"Ind_Bil","docId":"642124311"}]}