{"batchId":2509,"batchDate":"2017-04-11T09:48:59","batchCount":11,"captureStation":"TIMGWINPSIC02","documents":[{"guid":"8f97859a-8b51-4e3b-81e8-6716a7849296","formType":"Ind_Bil","docId":"642124311"},{"guid":"fb35f020-2721-48a3-9851-709cb2e5ddad","formType":"Ind_Bil","docId":"642867781"},{"guid":"432bfeab-b501-40a0-81bf-fb18099e1f97","formType":"Ind_Bil","docId":"642231401"},{"guid":"6caac34f-c21f-4c50-91cd-11b2db3103f0","formType":"Ind_Bil","docId":"642231401"},{"guid":"fdaa6239-4087-4b8d-bc8e-f99de7f7154a","formType":"Ind_Bil","docId":"642231401"},{"guid":"d55dde9c-d8cd-4254-8cb8-0addeac0c446","formType":"Ind_Bil","docId":"641222611"},{"guid":"e5bef3b2-c359-42a0-a419-3b88d5c9f86c","formType":"Ind_Bil","docId":"641222611"},{"guid":"7c3411e5-6c59-4f2c-8260-652b62654a5f","formType":"Ind_Bil","docId":"641222611"},{"guid":"b76336cf-b746-4491-91bf-c313f2d6b7ab","formType":"Ind_Bil","docId":"642124311"},{"guid":"de87a613-5f1f-4976-8497-919bb50df7d2","formType":"Ind_Bil","docId":"642124311"},{"guid":"6e2df846-34fa-4527-b5aa-ad867b48eedb","formType":"Ind_Bil","docId":"642124311"}]}