{"batchId":2509,"batchDate":"2017-04-11T09:48:59","batchCount":11,"captureStation":"TIMGWINPSIC02","documents":[{"guid":"0710b543-39e4-4eca-ba91-77f983c3b816","formType":"Ind_Bil","docId":"642124311"},{"guid":"7cb4b9aa-88fa-4ef1-8c21-595ef953fc70","formType":"Ind_Bil","docId":"642867781"},{"guid":"9c199f60-d95e-4c8e-8e59-4a68e83f685c","formType":"Ind_Bil","docId":"642231401"},{"guid":"6096441f-c4fe-4ee8-a701-2c54fe9b92ca","formType":"Ind_Bil","docId":"642231401"},{"guid":"20a43756-84e5-49c2-92bb-793a3af2ec55","formType":"Ind_Bil","docId":"642231401"},{"guid":"43be5bc8-d4e8-44c9-a5d7-24a1844e1fff","formType":"Ind_Bil","docId":"641222611"},{"guid":"38a2a8aa-a4a3-4520-bedf-19e884a26f84","formType":"Ind_Bil","docId":"641222611"},{"guid":"90b304e9-5bbc-4db5-8470-476c7862c108","formType":"Ind_Bil","docId":"641222611"},{"guid":"1c08c9c5-8923-4513-8e9c-ac57964fb819","formType":"Ind_Bil","docId":"642124311"},{"guid":"d05d3d30-c513-4953-94bb-5fe7b109ec61","formType":"Ind_Bil","docId":"642124311"},{"guid":"4652e439-7b88-40dd-8e25-b063e0b9b937","formType":"Ind_Bil","docId":"642124311"}]}