{"batchId":2508,"batchDate":"2017-04-11T09:48:58","batchCount":12,"captureStation":"TIMGWINPSIC01","documents":[{"guid":"8a8e2aa7-f9ac-46cf-aad5-e61add0da8c0","formType":"Ind_Eng","docId":"911380810"},{"guid":"836d7d30-5434-4ea3-a9ab-3a0643cff98e","formType":"Ind_Eng","docId":"773020723"},{"guid":"76df5f0b-64c8-49c2-8455-f4fac81071a8","formType":"Ind_Eng","docId":"613948850"},{"guid":"35a7545f-94e9-489d-80c2-1ce21a966256","formType":"Ind_Eng","docId":"911229640"},{"guid":"85ef986d-be97-4b81-8719-f431ceb35043","formType":"Ind_Eng","docId":"614100730"},{"guid":"8f319ea9-68d2-400d-a081-a73635e5de01","formType":"Ind_Eng","docId":"614100730"},{"guid":"08d93d92-c20e-4dcc-99ee-5b6926245b9c","formType":"Ind_Eng","docId":"613948850"},{"guid":"969aace5-fd72-4780-97ce-fbd30405489d","formType":"Ind_Eng","docId":"613948850"},{"guid":"e22d527d-b580-4acf-8a51-dbcdf18be43e","formType":"Ind_Eng","docId":"911541490"},{"guid":"012b6617-5e3d-4508-a032-40c773f06e0f","formType":"Ind_Eng","docId":"911732350"},{"guid":"be3b5448-3010-4708-a1d6-3808864f14a7","formType":"Ind_Eng","docId":"614100730"},{"guid":"0699ac44-3812-47a2-9c2a-b8112974a239","formType":"Ind_Eng","docId":"614100730"}]}