{"batchId":2509,"batchDate":"2017-04-11T09:48:59","batchCount":11,"captureStation":"TIMGWINPSIC02","documents":[{"guid":"96822e44-2978-4a73-96ac-f14414184ffd","formType":"Ind_Bil","docId":"642124311"},{"guid":"e2f62a69-30be-424a-93f1-bfb6c92c754c","formType":"Ind_Bil","docId":"642867781"},{"guid":"eec9ceb9-44d7-4f30-8ae9-ac4df754ce5c","formType":"Ind_Bil","docId":"642231401"},{"guid":"edc0bb3c-14be-4dae-9167-0e4e8cf9d6fe","formType":"Ind_Bil","docId":"642231401"},{"guid":"3bee91d1-dc63-4cdc-a73f-436c391aeb71","formType":"Ind_Bil","docId":"642231401"},{"guid":"0b51dc31-6ec8-4115-a3bd-ad6e6c0f6002","formType":"Ind_Bil","docId":"641222611"},{"guid":"6cc61744-c8ec-4763-9e6c-501de95ca190","formType":"Ind_Bil","docId":"641222611"},{"guid":"4f2d3abe-6630-436a-ba4f-f0a4ef5be9e2","formType":"Ind_Bil","docId":"641222611"},{"guid":"004b10c8-2a4a-4c48-b62f-c553426c2403","formType":"Ind_Bil","docId":"642124311"},{"guid":"90d85645-07da-4a22-a54a-89db363dd3f4","formType":"Ind_Bil","docId":"642124311"},{"guid":"579dc67e-24f9-4342-9dbb-827db0f536b4","formType":"Ind_Bil","docId":"642124311"}]}