{"batchId":2509,"batchDate":"2017-04-11T09:48:59","batchCount":11,"captureStation":"TIMGWINPSIC02","documents":[{"guid":"86e210ac-6810-4f3c-b63d-7318a09c414f","formType":"Ind_Bil","docId":"642124311"},{"guid":"da9e9043-a53f-4085-bce4-688ad314d818","formType":"Ind_Bil","docId":"642867781"},{"guid":"330efc98-7632-421f-8777-350de997bc85","formType":"Ind_Bil","docId":"642231401"},{"guid":"298e6a45-ed39-4da7-b326-cc2948f878af","formType":"Ind_Bil","docId":"642231401"},{"guid":"25d82ee9-3dcc-48dc-aff9-682a3b7618ca","formType":"Ind_Bil","docId":"642231401"},{"guid":"8c327ed1-a6eb-4744-88f3-527542fcdd67","formType":"Ind_Bil","docId":"641222611"},{"guid":"d707bb94-dab6-467a-84a4-c2c86959eb9a","formType":"Ind_Bil","docId":"641222611"},{"guid":"17e12dd8-f550-4910-9883-84c295f7f046","formType":"Ind_Bil","docId":"641222611"},{"guid":"98c158c1-3fdb-4f65-8a8b-12f2800d2113","formType":"Ind_Bil","docId":"642124311"},{"guid":"39a742c5-f1e3-4605-8c6d-67f253473db8","formType":"Ind_Bil","docId":"642124311"},{"guid":"987d1ebb-6dc3-464b-9f84-87baf6a42ee6","formType":"Ind_Bil","docId":"642124311"}]}