{"batchId":2508,"batchDate":"2017-04-11T09:48:58","batchCount":12,"captureStation":"TIMGWINPSIC01","documents":[{"guid":"b6a0cd16-1bfc-443b-99aa-e6031de3004d","formType":"Ind_Eng","docId":"911380810"},{"guid":"c46f6d36-9f84-42c2-b0c4-4c290c3da840","formType":"Ind_Eng","docId":"773020723"},{"guid":"27d40bb6-dd08-4e8b-923e-09e083affac5","formType":"Ind_Eng","docId":"613948850"},{"guid":"61d1dd02-269c-4871-ab41-560798a8ec6e","formType":"Ind_Eng","docId":"911229640"},{"guid":"07b06a7e-ce06-4c23-80b0-9479a99f8b32","formType":"Ind_Eng","docId":"614100730"},{"guid":"204bf65f-cafa-4427-a3c4-5c38c9f8700a","formType":"Ind_Eng","docId":"614100730"},{"guid":"3c417e1d-7514-4e7b-a952-555c5b6d0de6","formType":"Ind_Eng","docId":"613948850"},{"guid":"43970127-138a-4152-b2fe-beb34aab13da","formType":"Ind_Eng","docId":"613948850"},{"guid":"f3dc4060-2379-4fc4-8622-649ca393841f","formType":"Ind_Eng","docId":"911541490"},{"guid":"72393aac-3191-47b0-b6a5-43bc21715698","formType":"Ind_Eng","docId":"911732350"},{"guid":"440df146-1e3e-468a-8589-cb53cfa0d9d3","formType":"Ind_Eng","docId":"614100730"},{"guid":"bbb34ebb-b180-450d-97a9-18044be1099e","formType":"Ind_Eng","docId":"614100730"}]}