{"batchId":2508,"batchDate":"2017-04-11T09:48:58","batchCount":12,"captureStation":"TIMGWINPSIC01","documents":[{"guid":"715a5a08-6e64-4304-8d28-a27851ae4285","formType":"Ind_Eng","docId":"911380810"},{"guid":"899e920d-2da8-4f1f-af75-674b9a2ee632","formType":"Ind_Eng","docId":"773020723"},{"guid":"714fa2f8-1193-43f1-95af-f86c7e678ed3","formType":"Ind_Eng","docId":"613948850"},{"guid":"caa35d04-ca8b-471b-9be2-253503f85af8","formType":"Ind_Eng","docId":"911229640"},{"guid":"cc0547b6-de6e-4164-87e2-f4c6a9b0b4c9","formType":"Ind_Eng","docId":"614100730"},{"guid":"3ea36f24-2659-4a46-b3f9-d82aa2bffd8e","formType":"Ind_Eng","docId":"614100730"},{"guid":"2f5af16d-86f4-42e6-8ff9-ad075834b4d4","formType":"Ind_Eng","docId":"613948850"},{"guid":"b25f670e-662b-4e49-a6c6-fbb63e56a908","formType":"Ind_Eng","docId":"613948850"},{"guid":"e55a0cd5-7fc7-41d1-bdce-4b0c51df0031","formType":"Ind_Eng","docId":"911541490"},{"guid":"e0d321e6-cb9e-441e-b5f7-e7d8bf28d767","formType":"Ind_Eng","docId":"911732350"},{"guid":"ffc49fd6-5f07-4b83-9651-f62ed2be2f04","formType":"Ind_Eng","docId":"614100730"},{"guid":"3c237b96-276b-4186-9b0e-9074b51ab55c","formType":"Ind_Eng","docId":"614100730"}]}