{"batchId":2508,"batchDate":"2017-04-11T09:48:58","batchCount":12,"captureStation":"TIMGWINPSIC01","documents":[{"guid":"8c68a2b8-fc49-4cbb-8214-370db63ea58a","formType":"Ind_Eng","docId":"911380810"},{"guid":"5d242a29-562e-4abd-bcaf-79bca85c616f","formType":"Ind_Eng","docId":"773020723"},{"guid":"e243d660-e93c-4b2c-901b-9cd6a935033d","formType":"Ind_Eng","docId":"613948850"},{"guid":"ad739f59-c40e-4a20-bd08-76102479b8be","formType":"Ind_Eng","docId":"911229640"},{"guid":"dead9c97-58f2-4108-be13-188cf413fb69","formType":"Ind_Eng","docId":"614100730"},{"guid":"0865a509-a826-459e-a07e-ba588c73674c","formType":"Ind_Eng","docId":"614100730"},{"guid":"8bfc44ee-eaf7-46fd-a184-269134402cde","formType":"Ind_Eng","docId":"613948850"},{"guid":"8f784c48-1817-4080-9257-b840abee1d62","formType":"Ind_Eng","docId":"613948850"},{"guid":"6e62f602-ab75-4a88-b90d-57a49d70a1f9","formType":"Ind_Eng","docId":"911541490"},{"guid":"b6a92ad9-5e66-4903-9c22-e5a4d79ee257","formType":"Ind_Eng","docId":"911732350"},{"guid":"7cdf1a1a-5621-4126-bc18-5bb154a535e8","formType":"Ind_Eng","docId":"614100730"},{"guid":"dc70e7c3-c10d-430d-a8dd-560338846efc","formType":"Ind_Eng","docId":"614100730"}]}