{"batchId":2508,"batchDate":"2017-04-11T09:48:58","batchCount":12,"captureStation":"TIMGWINPSIC01","documents":[{"guid":"75f3aa57-e1f2-44e7-9e1b-2994d76f5c27","formType":"Ind_Eng","docId":"911380810"},{"guid":"ca60c441-9d9a-4973-bb0a-15068ed4a16c","formType":"Ind_Eng","docId":"773020723"},{"guid":"8e43643c-767e-46a6-94df-53861258571d","formType":"Ind_Eng","docId":"613948850"},{"guid":"28bd0ed6-e77a-4fc1-b848-4bfdb63b50a2","formType":"Ind_Eng","docId":"911229640"},{"guid":"78047230-650b-4957-96c2-8e59ba624058","formType":"Ind_Eng","docId":"614100730"},{"guid":"2f1f0e7f-0e11-4bbc-bd33-cb2b2ae05b1e","formType":"Ind_Eng","docId":"614100730"},{"guid":"d05eb6fc-8dc8-4cb1-bb10-a3e64e9201ab","formType":"Ind_Eng","docId":"613948850"},{"guid":"40998115-1b70-4375-8877-36c28fa6e761","formType":"Ind_Eng","docId":"613948850"},{"guid":"63fa263d-b879-41c2-9df2-3fcdaa0a8580","formType":"Ind_Eng","docId":"911541490"},{"guid":"389c9245-4ab0-4c11-80c7-4f61589ecdcc","formType":"Ind_Eng","docId":"911732350"},{"guid":"50097320-0648-4420-a2fb-ab226061f858","formType":"Ind_Eng","docId":"614100730"},{"guid":"a027cc1e-ab7f-404b-9339-41d0d883e4c7","formType":"Ind_Eng","docId":"614100730"}]}