{"batchId":2508,"batchDate":"2017-04-11T09:48:58","batchCount":12,"captureStation":"TIMGWINPSIC01","documents":[{"guid":"9a935198-c7c9-464e-a3f4-d8b9fa262924","formType":"Ind_Eng","docId":"911380810"},{"guid":"39233097-57e5-45e2-be87-2b40308bb4a6","formType":"Ind_Eng","docId":"773020723"},{"guid":"51ff4193-8b75-4c24-aec8-c9741397ee15","formType":"Ind_Eng","docId":"613948850"},{"guid":"7dd512d7-1f04-46cf-9b1f-8356c43e1507","formType":"Ind_Eng","docId":"911229640"},{"guid":"7048f094-32eb-4b90-8587-522b7815def5","formType":"Ind_Eng","docId":"614100730"},{"guid":"f45fd9f8-0cc4-432f-af3f-934811e18dbf","formType":"Ind_Eng","docId":"614100730"},{"guid":"2a0282c4-1ed6-4cf3-b8a1-ac59efaa4541","formType":"Ind_Eng","docId":"613948850"},{"guid":"fe985a68-9849-4950-9bec-d09e4c98d00e","formType":"Ind_Eng","docId":"613948850"},{"guid":"335b54bc-c951-499a-8564-abef8bfd9153","formType":"Ind_Eng","docId":"911541490"},{"guid":"95571e92-f471-4be3-b5cc-523af7d0fea0","formType":"Ind_Eng","docId":"911732350"},{"guid":"aace4d46-bc89-46d0-af43-0f99b88ac0c6","formType":"Ind_Eng","docId":"614100730"},{"guid":"7c3cdeb8-eb4a-4f01-a705-70714fc69bd5","formType":"Ind_Eng","docId":"614100730"}]}