{"batchId":2509,"batchDate":"2017-04-11T09:48:59","batchCount":11,"captureStation":"TIMGWINPSIC02","documents":[{"guid":"251ca6a3-c7b9-42dc-9f7f-e28fcbaa1f7f","formType":"Ind_Bil","docId":"642124311"},{"guid":"f6f7f540-98cc-40b7-8c83-80408f6839cc","formType":"Ind_Bil","docId":"642867781"},{"guid":"b2866ed2-5f89-450f-94c7-7d3e40ce424b","formType":"Ind_Bil","docId":"642231401"},{"guid":"e702e598-5883-47f5-9d13-cb0b78b58400","formType":"Ind_Bil","docId":"642231401"},{"guid":"cf7cf5bd-5044-477f-9831-987173d15280","formType":"Ind_Bil","docId":"642231401"},{"guid":"58123af6-72c6-4585-aad4-6d69802eb208","formType":"Ind_Bil","docId":"641222611"},{"guid":"0bada0ff-b7a1-4596-8a56-a93d66fccfe4","formType":"Ind_Bil","docId":"641222611"},{"guid":"8604ec09-3e00-4cfa-b883-bce6d3598751","formType":"Ind_Bil","docId":"641222611"},{"guid":"938925e5-bf08-43da-bc6f-5c3e24f85b47","formType":"Ind_Bil","docId":"642124311"},{"guid":"eeddc0c1-5f32-45c2-a9a0-6bd44e6dccef","formType":"Ind_Bil","docId":"642124311"},{"guid":"440b0837-7172-4a5c-ab2e-b3447c7882b1","formType":"Ind_Bil","docId":"642124311"}]}