{"batchId":2508,"batchDate":"2017-04-11T09:48:58","batchCount":12,"captureStation":"TIMGWINPSIC01","documents":[{"guid":"97d80288-febf-48d5-8823-c4ac255f8610","formType":"Ind_Eng","docId":"911380810"},{"guid":"1a524b14-5c99-47bd-8e41-0493920ba100","formType":"Ind_Eng","docId":"773020723"},{"guid":"9553eada-0b1d-40ad-809f-1c8dc34ac933","formType":"Ind_Eng","docId":"613948850"},{"guid":"4ad6bfa1-73a0-45ae-baa8-c8620beaa5de","formType":"Ind_Eng","docId":"911229640"},{"guid":"6baaab43-049c-4763-942d-79c3af35c174","formType":"Ind_Eng","docId":"614100730"},{"guid":"47e47df6-6670-4886-a584-83cd11ecc09c","formType":"Ind_Eng","docId":"614100730"},{"guid":"cae2fa1d-b122-43c9-b519-addedf2d9e17","formType":"Ind_Eng","docId":"613948850"},{"guid":"855c6031-5476-4396-b81f-6aab4d729202","formType":"Ind_Eng","docId":"613948850"},{"guid":"7e53911c-b48e-4bc4-8457-a247b5da526e","formType":"Ind_Eng","docId":"911541490"},{"guid":"59f66c67-d295-4ace-961b-008e3c0fa1eb","formType":"Ind_Eng","docId":"911732350"},{"guid":"aab58225-8b81-4d05-b551-949c4830f357","formType":"Ind_Eng","docId":"614100730"},{"guid":"ebdb8858-0285-457b-9f4e-355a897c8f72","formType":"Ind_Eng","docId":"614100730"}]}