{"batchId":2508,"batchDate":"2017-04-11T09:48:58","batchCount":12,"captureStation":"TIMGWINPSIC01","documents":[{"guid":"b82d6af0-7a52-4d82-9370-8a77c30d17d8","formType":"Ind_Eng","docId":"911380810"},{"guid":"824eedcf-e4ad-4dd9-89ce-59ea875dffef","formType":"Ind_Eng","docId":"773020723"},{"guid":"b0bae1c8-9362-4858-a9fd-734cd1ead4f1","formType":"Ind_Eng","docId":"613948850"},{"guid":"1434a199-d749-4a9c-b9d0-92c255efbf0f","formType":"Ind_Eng","docId":"911229640"},{"guid":"43b71c8b-8aa2-4fda-b624-c7a1e478c579","formType":"Ind_Eng","docId":"614100730"},{"guid":"4eaba561-23a5-480d-a714-295353cbcf20","formType":"Ind_Eng","docId":"614100730"},{"guid":"ae15e7d3-8bcc-403c-92b1-eff034705f67","formType":"Ind_Eng","docId":"613948850"},{"guid":"cc4ffbc0-468a-435e-beb5-91eee571120b","formType":"Ind_Eng","docId":"613948850"},{"guid":"046e1281-e118-4f4b-961c-e90cbe51773f","formType":"Ind_Eng","docId":"911541490"},{"guid":"e8762c71-e76e-4a7e-9592-b899d3b6971c","formType":"Ind_Eng","docId":"911732350"},{"guid":"73fdcc0b-7f4e-4178-9a47-3d4710d6f263","formType":"Ind_Eng","docId":"614100730"},{"guid":"31bdfcfd-4f57-4404-b329-13f7e5017ca2","formType":"Ind_Eng","docId":"614100730"}]}