{"batchId":2509,"batchDate":"2017-04-11T09:48:59","batchCount":11,"captureStation":"TIMGWINPSIC02","documents":[{"guid":"c50f7a7c-3f37-411b-8bf6-08f7a23b3b86","formType":"Ind_Bil","docId":"642124311"},{"guid":"948d860b-b8ed-4c54-bf4b-c3069aa1b117","formType":"Ind_Bil","docId":"642867781"},{"guid":"64984a24-7701-4746-8cca-0168d690d5a6","formType":"Ind_Bil","docId":"642231401"},{"guid":"64b9e02e-45ea-4407-b2b2-922525693504","formType":"Ind_Bil","docId":"642231401"},{"guid":"e509679b-2d68-4e5d-bbf4-4cbaf9d2043d","formType":"Ind_Bil","docId":"642231401"},{"guid":"5d056e17-ac29-4b91-9a75-44c95e72fec3","formType":"Ind_Bil","docId":"641222611"},{"guid":"28b0b87f-f89f-4519-b273-8588d455c6b0","formType":"Ind_Bil","docId":"641222611"},{"guid":"6e7e819a-87d6-4965-9d1e-9d849e7f4e40","formType":"Ind_Bil","docId":"641222611"},{"guid":"f3356891-4e79-42ec-9129-94118e3bc133","formType":"Ind_Bil","docId":"642124311"},{"guid":"47b516aa-755b-4c0d-bcb3-a8ffda144523","formType":"Ind_Bil","docId":"642124311"},{"guid":"93b6267b-b4b6-45b4-8e5f-c3c0f44000d2","formType":"Ind_Bil","docId":"642124311"}]}