{"batchId":2509,"batchDate":"2017-04-11T09:48:59","batchCount":11,"captureStation":"TIMGWINPSIC02","documents":[{"guid":"640b50fb-4f73-4791-b8c9-02b563c72f4d","formType":"Ind_Bil","docId":"642124311"},{"guid":"44b8e50c-f2b5-413a-9f33-a084fb85bda2","formType":"Ind_Bil","docId":"642867781"},{"guid":"ab9a3dc2-c2e5-4ba8-b0fb-c7e0c4fa443a","formType":"Ind_Bil","docId":"642231401"},{"guid":"38c5a745-dba9-45b0-9db1-680a8e747741","formType":"Ind_Bil","docId":"642231401"},{"guid":"27829301-7264-427b-9fe8-3fce19fb7bfa","formType":"Ind_Bil","docId":"642231401"},{"guid":"d932d9a2-69a7-40f8-ae29-5e6fcb5dc82a","formType":"Ind_Bil","docId":"641222611"},{"guid":"43872f1a-8a61-44f2-adef-7c16aa5f610b","formType":"Ind_Bil","docId":"641222611"},{"guid":"a291cbcd-d491-455b-ae9b-0884d263b574","formType":"Ind_Bil","docId":"641222611"},{"guid":"4ce63656-1fff-43b3-a74e-b45ee1f845a8","formType":"Ind_Bil","docId":"642124311"},{"guid":"2d07446d-c11d-4731-8cd8-188d137e91ea","formType":"Ind_Bil","docId":"642124311"},{"guid":"27ef95d7-99ac-4619-a167-d4e7be0352b0","formType":"Ind_Bil","docId":"642124311"}]}