{"batchId":2509,"batchDate":"2017-04-11T09:48:59","batchCount":11,"captureStation":"TIMGWINPSIC02","documents":[{"guid":"8a426fbe-1415-415f-b33e-c0e60772a8b7","formType":"Ind_Bil","docId":"642124311"},{"guid":"b5e2ef40-9795-4586-85ed-e0b12202b580","formType":"Ind_Bil","docId":"642867781"},{"guid":"eba0eaf5-9f95-4be7-924e-6eb1cd44b949","formType":"Ind_Bil","docId":"642231401"},{"guid":"79ba7927-d510-4fe4-b664-68b783e28a3c","formType":"Ind_Bil","docId":"642231401"},{"guid":"d2cc3739-aff0-43e4-a706-3c7ea34e1238","formType":"Ind_Bil","docId":"642231401"},{"guid":"968af33f-34bc-4852-8121-e7f202f652b2","formType":"Ind_Bil","docId":"641222611"},{"guid":"ed484067-31c8-47b7-a2d9-db563f07c5d1","formType":"Ind_Bil","docId":"641222611"},{"guid":"1d648791-f45a-4eb5-8c7a-eb9152f1e330","formType":"Ind_Bil","docId":"641222611"},{"guid":"09af49c6-3d03-4831-a36c-31562e373959","formType":"Ind_Bil","docId":"642124311"},{"guid":"d97c9538-03fb-4e34-84d8-68f0a4d7e4f2","formType":"Ind_Bil","docId":"642124311"},{"guid":"5f4cf19a-96df-43f5-b102-6a471c9c992f","formType":"Ind_Bil","docId":"642124311"}]}