{"batchId":2509,"batchDate":"2017-04-11T09:48:59","batchCount":11,"captureStation":"TIMGWINPSIC02","documents":[{"guid":"ac923d76-a14d-4018-822b-4fe63c38c8de","formType":"Ind_Bil","docId":"642124311"},{"guid":"50a08b34-d5ae-4299-a124-0d53347d1fd0","formType":"Ind_Bil","docId":"642867781"},{"guid":"c451f90e-0eee-4d82-9a55-140130671955","formType":"Ind_Bil","docId":"642231401"},{"guid":"3ed88565-4040-43a5-91b9-30fb2e86e48d","formType":"Ind_Bil","docId":"642231401"},{"guid":"170ffa69-8f06-47cb-a640-a59f3f2390e2","formType":"Ind_Bil","docId":"642231401"},{"guid":"ad718c02-311b-47fc-a7c6-b980d5a2032f","formType":"Ind_Bil","docId":"641222611"},{"guid":"fdc42342-76a3-4929-926e-7e9f8a18a6ee","formType":"Ind_Bil","docId":"641222611"},{"guid":"0f095c6a-d979-4f86-8dea-e4f489de1765","formType":"Ind_Bil","docId":"641222611"},{"guid":"cad395a6-dde7-4758-a8a2-20618b624e8a","formType":"Ind_Bil","docId":"642124311"},{"guid":"01538b8e-26eb-4eb4-adf4-450eaa080cbd","formType":"Ind_Bil","docId":"642124311"},{"guid":"def0a540-19e5-4d64-a5b5-9ed7efe96c91","formType":"Ind_Bil","docId":"642124311"}]}