[{"form_type":"Ind_Eng","unique_code":"649f0d1e-e819-4b7c-8533-4e54ef662801","submitted_date_time":"2017-04-11T09:48:58","validation_status":"INPROGRESS","document_id":"614100730","form_submission":{"name":{"first_name":"MARUIN","family_name":"GAY"},"date_of_birth":{"dob_day":"1","dob_month":"1","dob_year":"2013"},"sex":["male"],"ur_nz_or_overseas_ind":["new_zealand"],"ur_address":{"street_number":"18","flat_number":"","street_name":"LANTERBURY W","suburb":"SHIRLEY","city":"NELSON"},"ur_country":"","years_at_ur_address":{"years_at_ur_address_predefined":[""],"years_at_ur_address_text":"4"},"cn_at_ur_ind":["ur_address"],"cn_address":{"street_number":"","flat_number":"","street_name":"","suburb":"","city":""},"ethnic_group":{"ethnic_group_predefined":["european"],"ethnic_group_text":""},"country_of_birth":{"country_of_birth_predefined":["nz"],"country_of_birth_text":""},"arrival_in_nz":{"arrival_in_nz_month":"","arrival_in_nz_year":"2013"},"maori_descent_ind":["no"],"iwi_known_ind":[""],"iwi":[{"name":"","region":""},{"name":"","region":""},{"name":"","region":""},{"name":"","region":""}],"ur_address_one_year_ago_ind":["at_ur"],"ur_address_one_year_ago":{"street_number":"","flat_number":"","street_name":"","suburb":"","city":""},"language":{"language_predefined":["english"],"language_text":""},"religion":{"religion_predefined":["no_religion"],"religion_text":""},"living_arrangements":{"living_arrangements_predefined":["mother_father"],"living_arrangements_text":""},"study":["full_time"],"travel_to_education":["walk_or_jog"],"education_institution":{"name":"UNUMITED","suburb":"COUE","city":"NELSON"},"difficulty_seeing":[""],"difficulty_hearing":[""],"difficulty_walking":[""],"difficulty_remembering":[""],"difficulty_washing":[""],"difficulty_communicating":[""],"smoke_regular_ind":[""],"smoke_ever_ind":[""],"legally_registered_relationship_status":[""],"nbr_children_born_alive":{"nbr_children_born_alive_predefined":[""],"nbr_children_born_alive_text":""},"home_ownership":[""],"secondary_school_qual":{"secondary_school_qual_predefined":[""],"secondary_school_qual_text":""},"other_qual_ind":[""],"post_school_level":{"post_school_level_predefined":[""],"post_school_level_text":""},"post_school_subject_text":"","post_school_location_ind":[""],"income_sources":[""],"total_income":[""],"work_ind":[""],"hours_worked":{"main_job":"","other_job":""},"employment_status":[""],"occupation_text":"","business_name_text":"","industry_text":"","workplace_ind":[""],"workplace_address":{"building_name":"","street_shopping_centre":"","suburb":"","city":""},"travel_to_work":[""],"job_search_ind":[""],"job_search_methods":[""],"available_for_work_ind":[""],"unpaid_activities":[""],"telephone_number":""}},{"form_type":"Ind_Bil","unique_code":"935c7f58-a7da-4a2f-942e-b2f2e58bb6af","submitted_date_time":"2017-04-11T09:48:59","validation_status":"INPROGRESS","document_id":"641222611","form_submission":{"name":{"first_name":"ANDREW","family_name":"MCGLONE"},"date_of_birth":{"dob_day":"09","dob_month":"01","dob_year":"2002"},"sex":["male"],"ur_nz_or_overseas_ind":["new_zealand"],"ur_address":{"street_number":"4","flat_number":"A","street_name":"CAIVS AVENUE","suburb":"GONVILLE","city":"WHANGANVI"},"ur_country":"","years_at_ur_address":{"years_at_ur_address_predefined":[""],"years_at_ur_address_text":"5"},"cn_at_ur_ind":["ur_address"],"cn_address":{"street_number":"","flat_number":"","street_name":"","suburb":"","city":""},"ethnic_group":{"ethnic_group_predefined":["european","tongan","indian"],"ethnic_group_text":""},"country_of_birth":{"country_of_birth_predefined":["other"],"country_of_birth_text":"USA"},"arrival_in_nz":{"arrival_in_nz_month":"4","arrival_in_nz_year":"7007"},"maori_descent_ind":["don't_know"],"iwi_known_ind":["no"],"iwi":[{"name":"","region":""},{"name":"","region":""},{"name":"","region":""},{"name":"","region":""}],"ur_address_one_year_ago_ind":["at_ur"],"ur_address_one_year_ago":{"street_number":"","flat_number":"","street_name":"","suburb":"","city":""},"language":{"language_predefined":["english","samoan"],"language_text":""},"religion":{"religion_predefined":["buddhism"],"religion_text":""},"living_arrangements":{"living_arrangements_predefined":["daughter_son","sister_brother","other"],"living_arrangements_text":"NEPHEN"},"study":["no_study"],"travel_to_education":[""],"education_institution":{"name":"","suburb":"","city":""},"difficulty_seeing":["no"],"difficulty_hearing":["a_lot"],"difficulty_walking":["cannot_do_at_all"],"difficulty_remembering":["some"],"difficulty_washing":["cannot_do_at_all"],"difficulty_communicating":["a_lot"],"smoke_regular_ind":["yes"],"smoke_ever_ind":[""],"legally_registered_relationship_status":["never_been_married"],"nbr_children_born_alive":{"nbr_children_born_alive_predefined":[""],"nbr_children_born_alive_text":"4"},"home_ownership":["neither"],"secondary_school_qual":{"secondary_school_qual_predefined":["none"],"secondary_school_qual_text":""},"other_qual_ind":["no"],"post_school_level":{"post_school_level_predefined":["level_1"],"post_school_level_text":""},"post_school_subject_text":"","post_school_location_ind":[""],"income_sources":["interest","no_source"],"total_income":["1_to_5000"],"work_ind":["did_not_work"],"hours_worked":{"main_job":"","other_job":""},"employment_status":[""],"occupation_text":"","business_name_text":"","industry_text":"","workplace_ind":[""],"workplace_address":{"building_name":"","street_shopping_centre":"","suburb":"","city":""},"travel_to_work":[""],"job_search_ind":["no"],"job_search_methods":[""],"available_for_work_ind":["no"],"unpaid_activities":["none"],"telephone_number":""}},{"form_type":"Ind_Eng","unique_code":"34f671b3-8207-4c96-96d3-ee5b2ee49f80","submitted_date_time":"2017-04-11T09:48:58","validation_status":"INPROGRESS","document_id":"911541490","form_submission":{"name":{"first_name":"TESTER","family_name":"PERSON"},"date_of_birth":{"dob_day":"01","dob_month":"04","dob_year":"1455"},"sex":["female"],"ur_nz_or_overseas_ind":[""],"ur_address":{"street_number":"9","flat_number":"","street_name":"HUDSON STREET","suburb":"BRYNDWR","city":"CHRISTCHURCH"},"ur_country":"","years_at_ur_address":{"years_at_ur_address_predefined":[""],"years_at_ur_address_text":"2"},"cn_at_ur_ind":[""],"cn_address":{"street_number":"3154","flat_number":"","street_name":"NHANGANUIRIVERRNAD","suburb":"WHANGANNI","city":""},"ethnic_group":{"ethnic_group_predefined":["european"],"ethnic_group_text":""},"country_of_birth":{"country_of_birth_predefined":["nz"],"country_of_birth_text":""},"arrival_in_nz":{"arrival_in_nz_month":"","arrival_in_nz_year":""},"maori_descent_ind":["don't_know"],"iwi_known_ind":["no"],"iwi":[{"name":"","region":""},{"name":"","region":""},{"name":"","region":""},{"name":"","region":""}],"ur_address_one_year_ago_ind":["overseas"],"ur_address_one_year_ago":{"street_number":"","flat_number":"","street_name":"","suburb":"","city":""},"language":{"language_predefined":["english"],"language_text":""},"religion":{"religion_predefined":["object_to_answer"],"religion_text":""},"living_arrangements":{"living_arrangements_predefined":["wife_husband"],"living_arrangements_text":""},"study":["part_time"],"travel_to_education":["drive_private_car"],"education_institution":{"name":"UNIVERSITY OFCANTERSURY","suburb":"","city":"CHRISTCHURCH"},"difficulty_seeing":["some"],"difficulty_hearing":["some"],"difficulty_walking":["no"],"difficulty_remembering":["no"],"difficulty_washing":["no"],"difficulty_communicating":["no"],"smoke_regular_ind":["no"],"smoke_ever_ind":["no"],"legally_registered_relationship_status":["married","civil_union"],"nbr_children_born_alive":{"nbr_children_born_alive_predefined":["none"],"nbr_children_born_alive_text":""},"home_ownership":["neither"],"secondary_school_qual":{"secondary_school_qual_predefined":["other"],"secondary_school_qual_text":"CAMBRIDGE"},"other_qual_ind":["no"],"post_school_level":{"post_school_level_predefined":[""],"post_school_level_text":""},"post_school_subject_text":"","post_school_location_ind":[""],"income_sources":["student_allowance"],"total_income":["20001_to_25000"],"work_ind":["did_not_work"],"hours_worked":{"main_job":"","other_job":""},"employment_status":[""],"occupation_text":"","business_name_text":"","industry_text":"","workplace_ind":[""],"workplace_address":{"building_name":"","street_shopping_centre":"","suburb":"","city":""},"travel_to_work":[""],"job_search_ind":["yes"],"job_search_methods":[""],"available_for_work_ind":["yes"],"unpaid_activities":["household_work","volunteer"],"telephone_number":""}},{"form_type":"Ind_Eng","unique_code":"f0399060-10f8-48ea-b1ba-01dd7685f84e","submitted_date_time":"2017-04-11T09:48:58","validation_status":"INPROGRESS","document_id":"614100730","form_submission":{"name":{"first_name":"MARK","family_name":"TAYLOT"},"date_of_birth":{"dob_day":"01","dob_month":"02","dob_year":"1977"},"sex":["intersex"],"ur_nz_or_overseas_ind":["overseas"],"ur_address":{"street_number":"","flat_number":"","street_name":"","suburb":"","city":""},"ur_country":"NORWAY","years_at_ur_address":{"years_at_ur_address_predefined":[""],"years_at_ur_address_text":"17"},"cn_at_ur_ind":["other_address"],"cn_address":{"street_number":"318","flat_number":"G","street_name":"POWER AVE","suburb":"HARGT","city":"NELSON"},"ethnic_group":{"ethnic_group_predefined":["other"],"ethnic_group_text":"VNEW ZEALANDER"},"country_of_birth":{"country_of_birth_predefined":["china"],"country_of_birth_text":""},"arrival_in_nz":{"arrival_in_nz_month":"4","arrival_in_nz_year":"4"},"maori_descent_ind":["don't_know"],"iwi_known_ind":["no"],"iwi":[{"name":"","region":""},{"name":"","region":""},{"name":"","region":""},{"name":"","region":""}],"ur_address_one_year_ago_ind":["overseas"],"ur_address_one_year_ago":{"street_number":"","flat_number":"","street_name":"","suburb":"","city":""},"language":{"language_predefined":["english"],"language_text":"FRENCH"},"religion":{"religion_predefined":["other_religion"],"religion_text":"NO THANK YOU"},"living_arrangements":{"living_arrangements_predefined":["wife_husband","grandparents"],"living_arrangements_text":""},"study":["no_study"],"travel_to_education":["passenger_private_car","bicycle","walk_or_jog"],"education_institution":{"name":"","suburb":"","city":""},"difficulty_seeing":["no"],"difficulty_hearing":["no"],"difficulty_walking":["no"],"difficulty_remembering":["no"],"difficulty_washing":["no"],"difficulty_communicating":["no"],"smoke_regular_ind":["yes"],"smoke_ever_ind":[""],"legally_registered_relationship_status":["never_been_married","married"],"nbr_children_born_alive":{"nbr_children_born_alive_predefined":["object"],"nbr_children_born_alive_text":""},"home_ownership":["neither"],"secondary_school_qual":{"secondary_school_qual_predefined":["other"],"secondary_school_qual_text":" ATEOSO"},"other_qual_ind":["yes"],"post_school_level":{"post_school_level_predefined":["phd"],"post_school_level_text":""},"post_school_subject_text":"EXPERIMENTALLOUE","post_school_location_ind":["overseas"],"income_sources":["wages"],"total_income":["100001_to_150000"],"work_ind":["worked_for_pay"],"hours_worked":{"main_job":"58","other_job":""},"employment_status":["paid_employee"],"occupation_text":"MAILWOMEN","business_name_text":"HPTRUST","industry_text":"WAR","workplace_ind":["work_away_from_home"],"workplace_address":{"building_name":"INGZARYMENTt","street_shopping_centre":"52 TATCRD","suburb":"MAGOTON","city":"STIRE"},"travel_to_work":["bicycle"],"job_search_ind":[""],"job_search_methods":[""],"available_for_work_ind":[""],"unpaid_activities":["household_work","child_household","ill_household","child_not_household","volunteer"],"telephone_number":"123456765432"}},{"form_type":"Ind_Eng","unique_code":"05abbcd6-5360-46fc-9090-8e33592b45f8","submitted_date_time":"2017-04-11T09:48:58","validation_status":"INPROGRESS","document_id":"911732350","form_submission":{"name":{"first_name":"TEST","family_name":"USEQ"},"date_of_birth":{"dob_day":"2","dob_month":"1","dob_year":"1989"},"sex":["male"],"ur_nz_or_overseas_ind":["overseas"],"ur_address":{"street_number":"","flat_number":"","street_name":"","suburb":"","city":""},"ur_country":"JAPAN","years_at_ur_address":{"years_at_ur_address_predefined":[""],"years_at_ur_address_text":"20"},"cn_at_ur_ind":["other_address"],"cn_address":{"street_number":"3154","flat_number":"","street_name":"WhgnganuiRIVer ROAD","suburb":"","city":"Whanganui"},"ethnic_group":{"ethnic_group_predefined":["other"],"ethnic_group_text":"JaPAnese"},"country_of_birth":{"country_of_birth_predefined":["other"],"country_of_birth_text":"JAPOn"},"arrival_in_nz":{"arrival_in_nz_month":"","arrival_in_nz_year":""},"maori_descent_ind":[""],"iwi_known_ind":[""],"iwi":[{"name":"","region":""},{"name":"","region":""},{"name":"","region":""},{"name":"","region":""}],"ur_address_one_year_ago_ind":[""],"ur_address_one_year_ago":{"street_number":"","flat_number":"","street_name":"","suburb":"","city":""},"language":{"language_predefined":[""],"language_text":""},"religion":{"religion_predefined":[""],"religion_text":""},"living_arrangements":{"living_arrangements_predefined":[""],"living_arrangements_text":""},"study":[""],"travel_to_education":[""],"education_institution":{"name":"","suburb":"","city":""},"difficulty_seeing":[""],"difficulty_hearing":[""],"difficulty_walking":[""],"difficulty_remembering":[""],"difficulty_washing":[""],"difficulty_communicating":[""],"smoke_regular_ind":[""],"smoke_ever_ind":[""],"legally_registered_relationship_status":[""],"nbr_children_born_alive":{"nbr_children_born_alive_predefined":[""],"nbr_children_born_alive_text":""},"home_ownership":[""],"secondary_school_qual":{"secondary_school_qual_predefined":[""],"secondary_school_qual_text":""},"other_qual_ind":[""],"post_school_level":{"post_school_level_predefined":[""],"post_school_level_text":""},"post_school_subject_text":"","post_school_location_ind":[""],"income_sources":[""],"total_income":[""],"work_ind":[""],"hours_worked":{"main_job":"","other_job":""},"employment_status":[""],"occupation_text":"","business_name_text":"","industry_text":"","workplace_ind":[""],"workplace_address":{"building_name":"","street_shopping_centre":"","suburb":"","city":""},"travel_to_work":[""],"job_search_ind":[""],"job_search_methods":[""],"available_for_work_ind":[""],"unpaid_activities":[""],"telephone_number":"031235"}},{"form_type":"Ind_Bil","unique_code":"9ed81c7b-a976-417e-9935-66aa4b3b61a4","submitted_date_time":"2017-04-11T09:48:59","validation_status":"INPROGRESS","document_id":"641222611","form_submission":{"name":{"first_name":"R","family_name":""},"date_of_birth":{"dob_day":"","dob_month":"","dob_year":""},"sex":[""],"ur_nz_or_overseas_ind":["new_zealand"],"ur_address":{"street_number":"1","flat_number":"","street_name":"","suburb":"","city":""},"ur_country":"","years_at_ur_address":{"years_at_ur_address_predefined":[""],"years_at_ur_address_text":""},"cn_at_ur_ind":[""],"cn_address":{"street_number":"","flat_number":"","street_name":"","suburb":"","city":""},"ethnic_group":{"ethnic_group_predefined":[""],"ethnic_group_text":""},"country_of_birth":{"country_of_birth_predefined":[""],"country_of_birth_text":""},"arrival_in_nz":{"arrival_in_nz_month":"","arrival_in_nz_year":""},"maori_descent_ind":[""],"iwi_known_ind":[""],"iwi":[{"name":"","region":""},{"name":"","region":""},{"name":"","region":""},{"name":"","region":""}],"ur_address_one_year_ago_ind":[""],"ur_address_one_year_ago":{"street_number":"","flat_number":"","street_name":"","suburb":"","city":""},"language":{"language_predefined":[""],"language_text":""},"religion":{"religion_predefined":["no_religion"],"religion_text":""},"living_arrangements":{"living_arrangements_predefined":[""],"living_arrangements_text":""},"study":[""],"travel_to_education":[""],"education_institution":{"name":"","suburb":"","city":""},"difficulty_seeing":[""],"difficulty_hearing":[""],"difficulty_walking":[""],"difficulty_remembering":[""],"difficulty_washing":[""],"difficulty_communicating":[""],"smoke_regular_ind":[""],"smoke_ever_ind":[""],"legally_registered_relationship_status":[""],"nbr_children_born_alive":{"nbr_children_born_alive_predefined":[""],"nbr_children_born_alive_text":""},"home_ownership":[""],"secondary_school_qual":{"secondary_school_qual_predefined":[""],"secondary_school_qual_text":""},"other_qual_ind":[""],"post_school_level":{"post_school_level_predefined":[""],"post_school_level_text":""},"post_school_subject_text":"","post_school_location_ind":[""],"income_sources":[""],"total_income":[""],"work_ind":[""],"hours_worked":{"main_job":"","other_job":""},"employment_status":[""],"occupation_text":"","business_name_text":"","industry_text":"","workplace_ind":[""],"workplace_address":{"building_name":"","street_shopping_centre":"","suburb":"","city":""},"travel_to_work":[""],"job_search_ind":[""],"job_search_methods":[""],"available_for_work_ind":[""],"unpaid_activities":[""],"telephone_number":""}},{"form_type":"Ind_Eng","unique_code":"61c6835d-5d2b-4241-99a1-df91826b06af","submitted_date_time":"2017-04-11T09:48:58","validation_status":"INPROGRESS","document_id":"613948850","form_submission":{"name":{"first_name":"MUM","family_name":"MIXEDMWOE"},"date_of_birth":{"dob_day":"01","dob_month":"02","dob_year":"1982"},"sex":["female","intersex"],"ur_nz_or_overseas_ind":["new_zealand"],"ur_address":{"street_number":"6","flat_number":"2","street_name":"CairnS AVENUE","suburb":"","city":"WANSANUE"},"ur_country":"","years_at_ur_address":{"years_at_ur_address_predefined":[""],"years_at_ur_address_text":"10"},"cn_at_ur_ind":["ur_address"],"cn_address":{"street_number":"","flat_number":"","street_name":"","suburb":"","city":""},"ethnic_group":{"ethnic_group_predefined":["other"],"ethnic_group_text":"NORWEGIAN"},"country_of_birth":{"country_of_birth_predefined":["other"],"country_of_birth_text":"NORWAY"},"arrival_in_nz":{"arrival_in_nz_month":"","arrival_in_nz_year":"2003"},"maori_descent_ind":["no"],"iwi_known_ind":[""],"iwi":[{"name":"","region":""},{"name":"","region":""},{"name":"","region":""},{"name":"","region":""}],"ur_address_one_year_ago_ind":["at_ur"],"ur_address_one_year_ago":{"street_number":"","flat_number":"","street_name":"","suburb":"","city":""},"language":{"language_predefined":["english","other"],"language_text":"NORWEGIANTEREO"},"religion":{"religion_predefined":["no_religion"],"religion_text":""},"living_arrangements":{"living_arrangements_predefined":["wife_husband","daughter_son","other"],"living_arrangements_text":"STEPDAUGHTER"},"study":["no_study"],"travel_to_education":["bicycle"],"education_institution":{"name":"","suburb":"","city":""},"difficulty_seeing":["no"],"difficulty_hearing":["no"],"difficulty_walking":["no"],"difficulty_remembering":["no"],"difficulty_washing":["no"],"difficulty_communicating":["no"],"smoke_regular_ind":["no"],"smoke_ever_ind":["no"],"legally_registered_relationship_status":["married"],"nbr_children_born_alive":{"nbr_children_born_alive_predefined":[""],"nbr_children_born_alive_text":""},"home_ownership":["neither"],"secondary_school_qual":{"secondary_school_qual_predefined":["other_overseas"],"secondary_school_qual_text":""},"other_qual_ind":["yes"],"post_school_level":{"post_school_level_predefined":["phd"],"post_school_level_text":"OVEAMANER"},"post_school_subject_text":"OPTOMETRY","post_school_location_ind":["nz"],"income_sources":["wages"],"total_income":["70001_to_100000"],"work_ind":["worked_for_pay"],"hours_worked":{"main_job":"88","other_job":""},"employment_status":["paid_employee"],"occupation_text":"OPTOMETRIST","business_name_text":"SPECSAVERS","industry_text":"VISIONENHANCENENT","workplace_ind":["work_away_from_home"],"workplace_address":{"building_name":"","street_shopping_centre":"","suburb":"","city":""},"travel_to_work":["bicycle"],"job_search_ind":[""],"job_search_methods":[""],"available_for_work_ind":[""],"unpaid_activities":["household_work","child_household","volunteer"],"telephone_number":"0445"}},{"form_type":"Ind_Bil","unique_code":"dc1fd1df-2acb-4b03-b42d-cfbad14822e8","submitted_date_time":"2017-04-11T09:48:59","validation_status":"INPROGRESS","document_id":"642124311","form_submission":{"name":{"first_name":"","family_name":""},"date_of_birth":{"dob_day":"","dob_month":"","dob_year":""},"sex":[""],"ur_nz_or_overseas_ind":[""],"ur_address":{"street_number":"","flat_number":"","street_name":"","suburb":"","city":""},"ur_country":"","years_at_ur_address":{"years_at_ur_address_predefined":[""],"years_at_ur_address_text":""},"cn_at_ur_ind":[""],"cn_address":{"street_number":"","flat_number":"","street_name":"","suburb":"","city":"   "},"ethnic_group":{"ethnic_group_predefined":[""],"ethnic_group_text":""},"country_of_birth":{"country_of_birth_predefined":[""],"country_of_birth_text":""},"arrival_in_nz":{"arrival_in_nz_month":"","arrival_in_nz_year":""},"maori_descent_ind":[""],"iwi_known_ind":[""],"iwi":[{"name":"","region":""},{"name":"","region":""},{"name":"","region":""},{"name":"","region":""}],"ur_address_one_year_ago_ind":[""],"ur_address_one_year_ago":{"street_number":"","flat_number":"","street_name":"","suburb":"","city":""},"language":{"language_predefined":[""],"language_text":""},"religion":{"religion_predefined":[""],"religion_text":""},"living_arrangements":{"living_arrangements_predefined":[""],"living_arrangements_text":""},"study":[""],"travel_to_education":[""],"education_institution":{"name":"","suburb":"","city":""},"difficulty_seeing":[""],"difficulty_hearing":[""],"difficulty_walking":[""],"difficulty_remembering":[""],"difficulty_washing":[""],"difficulty_communicating":[""],"smoke_regular_ind":[""],"smoke_ever_ind":[""],"legally_registered_relationship_status":[""],"nbr_children_born_alive":{"nbr_children_born_alive_predefined":[""],"nbr_children_born_alive_text":""},"home_ownership":[""],"secondary_school_qual":{"secondary_school_qual_predefined":[""],"secondary_school_qual_text":""},"other_qual_ind":[""],"post_school_level":{"post_school_level_predefined":[""],"post_school_level_text":""},"post_school_subject_text":"","post_school_location_ind":[""],"income_sources":[""],"total_income":[""],"work_ind":[""],"hours_worked":{"main_job":"","other_job":""},"employment_status":[""],"occupation_text":"","business_name_text":"","industry_text":"","workplace_ind":[""],"workplace_address":{"building_name":"","street_shopping_centre":"","suburb":"","city":""},"travel_to_work":[""],"job_search_ind":[""],"job_search_methods":[""],"available_for_work_ind":[""],"unpaid_activities":[""],"telephone_number":""}},{"form_type":"Ind_Bil","unique_code":"f414239d-2caf-4eaa-a495-b6346e4f0a97","submitted_date_time":"2017-04-11T09:48:59","validation_status":"INPROGRESS","document_id":"642231401","form_submission":{"name":{"first_name":"MAMI","family_name":"ONEVISITOR"},"date_of_birth":{"dob_day":"","dob_month":"2","dob_year":"1957"},"sex":["female"],"ur_nz_or_overseas_ind":["overseas"],"ur_address":{"street_number":"","flat_number":"","street_name":"","suburb":"","city":""},"ur_country":"JAPAN","years_at_ur_address":{"years_at_ur_address_predefined":[""],"years_at_ur_address_text":"60"},"cn_at_ur_ind":["other_address"],"cn_address":{"street_number":"4","flat_number":"","street_name":"CAIRNS AVENUE","suburb":"GONVILLE","city":"WANGANUI"},"ethnic_group":{"ethnic_group_predefined":["other"],"ethnic_group_text":"JAPANESEEVIETNAMEJECOWBOY"},"country_of_birth":{"country_of_birth_predefined":["other"],"country_of_birth_text":"VIETNAM"},"arrival_in_nz":{"arrival_in_nz_month":"","arrival_in_nz_year":""},"maori_descent_ind":[""],"iwi_known_ind":[""],"iwi":[{"name":"","region":""},{"name":"","region":""},{"name":"","region":""},{"name":"","region":""}],"ur_address_one_year_ago_ind":[""],"ur_address_one_year_ago":{"street_number":"","flat_number":"","street_name":"","suburb":"","city":""},"language":{"language_predefined":[""],"language_text":""},"religion":{"religion_predefined":[""],"religion_text":""},"living_arrangements":{"living_arrangements_predefined":[""],"living_arrangements_text":""},"study":[""],"travel_to_education":[""],"education_institution":{"name":"","suburb":"","city":""},"difficulty_seeing":[""],"difficulty_hearing":[""],"difficulty_walking":[""],"difficulty_remembering":[""],"difficulty_washing":[""],"difficulty_communicating":[""],"smoke_regular_ind":[""],"smoke_ever_ind":[""],"legally_registered_relationship_status":[""],"nbr_children_born_alive":{"nbr_children_born_alive_predefined":[""],"nbr_children_born_alive_text":""},"home_ownership":[""],"secondary_school_qual":{"secondary_school_qual_predefined":[""],"secondary_school_qual_text":""},"other_qual_ind":[""],"post_school_level":{"post_school_level_predefined":[""],"post_school_level_text":""},"post_school_subject_text":"","post_school_location_ind":[""],"income_sources":[""],"total_income":[""],"work_ind":[""],"hours_worked":{"main_job":"","other_job":""},"employment_status":[""],"occupation_text":"","business_name_text":"","industry_text":"","workplace_ind":[""],"workplace_address":{"building_name":"","street_shopping_centre":"","suburb":"","city":""},"travel_to_work":[""],"job_search_ind":[""],"job_search_methods":[""],"available_for_work_ind":[""],"unpaid_activities":[""],"telephone_number":""}},{"form_type":"Dwl_Bil","unique_code":"a70beaef-91a2-49bb-a7d3-8079b466eef9","submitted_date_time":"2017-04-11T09:48:55","validation_status":"INPROGRESS","document_id":"642231401","form_submission":{"dwell_address":{"street_number":"4","flat_number":"","street_name":"4 CAIRNS AVENUE","suburb":"GONVILLE","city":"WANGANUI"},"dwelling_description":{"dwelling_description_predefined":["townhouse"],"dwelling_description_text":""},"joined_ind":["no"],"storeys":["one_storey"],"owned_or_family_trust":["own_dwelling"],"sector_of_landlord":[""],"rent_ind":[""],"rent_amount":"","rent_period":{"rent_period_predefined":[""],"rent_period_text":""},"mortgage_payments":["yes"],"rooms":{"kitchen_count":"","living_room_count":"","dining_room_count":"0","bedroom_count":"","conservatory_count":"0","study_room_count":"0"},"heating":{"heating_predefined":["heat_pump","other"],"heating_text":"LOVEO"},"telecommunications":["cellphone","internet"],"motor_vehicle_count":{"motor_vehicle_count_predefined":["one"],"motor_vehicle_count_text":""},"damp":["no"],"mould":["no"],"amenities":["cooking","tap_water","fridge","bath_or_shower","toilet","electricity"],"primary_person":{"first_name":"PETE","family_name":"ONEVISITOR","age":"35"},"people":[{"first_name":"QAORI","family_name":"ONEVISITOR","age":"30","relationship_predefined":["wife_or_husband"],"relationship_text":""},{"first_name":"MAMI","family_name":"ONEVISITOR","age":"60","relationship_predefined":["other"],"relationship_text":"MOTHER-IN-LAW"},{"first_name":"","family_name":"","age":"","relationship_predefined":[""],"relationship_text":""},{"first_name":"","family_name":"","age":"","relationship_predefined":[""],"relationship_text":""},{"first_name":"","family_name":"","age":"","relationship_predefined":[""],"relationship_text":""},{"first_name":"","family_name":"","age":"","relationship_predefined":[""],"relationship_text":""},{"first_name":"","family_name":"","age":"","relationship_predefined":[""],"relationship_text":""}],"all_residents_present":[""],"nbr_of_absentees":"","absent_people":[{"first_name":"","family_name":"","age":"","relationship_predefined":[""],"relationship_text":"","sex":[""],"in_nz_on_cn":[""],"time_away_from_nz":[""]},{"first_name":"","family_name":"","age":"","relationship_predefined":[""],"relationship_text":"","sex":[""],"in_nz_on_cn":[""],"time_away_from_nz":[""]}]}},{"form_type":"Ind_Bil","unique_code":"f809a834-79fa-4cab-90a9-2909104a82bc","submitted_date_time":"2017-04-11T09:48:59","validation_status":"INPROGRESS","document_id":"642867781","form_submission":{"name":{"first_name":"ADALl","family_name":"BILIPJGUAL"},"date_of_birth":{"dob_day":"05","dob_month":"06","dob_year":"1955"},"sex":[""],"ur_nz_or_overseas_ind":[""],"ur_address":{"street_number":"2","flat_number":"A","street_name":"CALYS ASE","suburb":"GONEIUG","city":""},"ur_country":"","years_at_ur_address":{"years_at_ur_address_predefined":[""],"years_at_ur_address_text":"12"},"cn_at_ur_ind":["ur_address"],"cn_address":{"street_number":"","flat_number":"","street_name":"","suburb":"","city":"   W "},"ethnic_group":{"ethnic_group_predefined":[""],"ethnic_group_text":""},"country_of_birth":{"country_of_birth_predefined":["china","india"],"country_of_birth_text":""},"arrival_in_nz":{"arrival_in_nz_month":"","arrival_in_nz_year":"1965"},"maori_descent_ind":["no"],"iwi_known_ind":[""],"iwi":[{"name":"PORTKIOW THERILSomeTULER","region":""},{"name":"","region":""},{"name":"","region":""},{"name":"","region":""}],"ur_address_one_year_ago_ind":["at_ur"],"ur_address_one_year_ago":{"street_number":"","flat_number":"","street_name":"","suburb":"","city":""},"language":{"language_predefined":["english","maori"],"language_text":""},"religion":{"religion_predefined":["object_to_answer"],"religion_text":""},"living_arrangements":{"living_arrangements_predefined":["wife_husband"],"living_arrangements_text":""},"study":["full_time"],"travel_to_education":["passenger_private_car"],"education_institution":{"name":"","suburb":"","city":""},"difficulty_seeing":["cannot_do_at_all"],"difficulty_hearing":["a_lot"],"difficulty_walking":["some"],"difficulty_remembering":["no"],"difficulty_washing":["cannot_do_at_all"],"difficulty_communicating":["a_lot"],"smoke_regular_ind":["no"],"smoke_ever_ind":["yes","no"],"legally_registered_relationship_status":["never_been_married"],"nbr_children_born_alive":{"nbr_children_born_alive_predefined":[""],"nbr_children_born_alive_text":"12"},"home_ownership":["neither"],"secondary_school_qual":{"secondary_school_qual_predefined":["school_cert_level_1"],"secondary_school_qual_text":""},"other_qual_ind":["yes"],"post_school_level":{"post_school_level_predefined":["masters"],"post_school_level_text":""},"post_school_subject_text":"PSYCHOLOGY,L HISTORY","post_school_location_ind":["overseas"],"income_sources":["student_allowance","other_sources","no_source"],"total_income":["zero"],"work_ind":["worked_without_pay"],"hours_worked":{"main_job":"164","other_job":""},"employment_status":["working_without_pay"],"occupation_text":"","business_name_text":"","industry_text":"","workplace_ind":[""],"workplace_address":{"building_name":"","street_shopping_centre":"","suburb":"","city":""},"travel_to_work":["public_bus"],"job_search_ind":[""],"job_search_methods":[""],"available_for_work_ind":[""],"unpaid_activities":[""],"telephone_number":""}},{"form_type":"Ind_Eng","unique_code":"3b69527d-5ae4-4e9c-a3bf-53b8d3da67de","submitted_date_time":"2017-04-11T09:48:58","validation_status":"INPROGRESS","document_id":"614100730","form_submission":{"name":{"first_name":"SONYA","family_name":"MORTO -"},"date_of_birth":{"dob_day":"28","dob_month":"2","dob_year":"82"},"sex":["male"],"ur_nz_or_overseas_ind":["new_zealand"],"ur_address":{"street_number":"122","flat_number":"","street_name":"HILLS ROAD","suburb":"SHIRLEY","city":"CHRISTCHURCH"},"ur_country":"","years_at_ur_address":{"years_at_ur_address_predefined":[""],"years_at_ur_address_text":"10"},"cn_at_ur_ind":["other_address"],"cn_address":{"street_number":"52","flat_number":"","street_name":"QURENSPARKIRNe","suburb":"QUIEREFANDS","city":"CILWrch"},"ethnic_group":{"ethnic_group_predefined":["european","other"],"ethnic_group_text":"THRI"},"country_of_birth":{"country_of_birth_predefined":["nz"],"country_of_birth_text":""},"arrival_in_nz":{"arrival_in_nz_month":"","arrival_in_nz_year":""},"maori_descent_ind":["yes"],"iwi_known_ind":["yes"],"iwi":[{"name":"ATTAiTalu","region":"CANTEMOUSY"},{"name":"","region":""},{"name":"","region":""},{"name":"","region":""}],"ur_address_one_year_ago_ind":["at_cn"],"ur_address_one_year_ago":{"street_number":"","flat_number":"","street_name":"","suburb":"","city":""},"language":{"language_predefined":["english"],"language_text":""},"religion":{"religion_predefined":["christianity"],"religion_text":"CortnoliC"},"living_arrangements":{"living_arrangements_predefined":["sister_brother","grandchildren","flatmates"],"living_arrangements_text":""},"study":["full_time"],"travel_to_education":["study_at_home"],"education_institution":{"name":"","suburb":"","city":""},"difficulty_seeing":["no"],"difficulty_hearing":["some"],"difficulty_walking":["cannot_do_at_all"],"difficulty_remembering":["a_lot"],"difficulty_washing":["some"],"difficulty_communicating":["some"],"smoke_regular_ind":["no"],"smoke_ever_ind":["yes"],"legally_registered_relationship_status":["divorced"],"nbr_children_born_alive":{"nbr_children_born_alive_predefined":["none"],"nbr_children_born_alive_text":""},"home_ownership":["own"],"secondary_school_qual":{"secondary_school_qual_predefined":["higher_school_level_3"],"secondary_school_qual_text":""},"other_qual_ind":["no"],"post_school_level":{"post_school_level_predefined":["level_7"],"post_school_level_text":""},"post_school_subject_text":"ENgrineeril,S,","post_school_location_ind":["nz"],"income_sources":["wages"],"total_income":["60001_to_70000"],"work_ind":["worked_for_pay"],"hours_worked":{"main_job":"20","other_job":""},"employment_status":["self_employed"],"occupation_text":"Op NOAKER","business_name_text":"SzqYE","industry_text":"NONVIA SCAP VSS ","workplace_ind":["work_at_home"],"workplace_address":{"building_name":"","street_shopping_centre":"","suburb":"","city":""},"travel_to_work":["drive_private_car"],"job_search_ind":["yes","no"],"job_search_methods":["apply_to_employer","friends_and_relatives"],"available_for_work_ind":["yes"],"unpaid_activities":["household_work","child_not_household"],"telephone_number":""}},{"form_type":"Ind_Eng","unique_code":"e4caebb5-836c-4b58-92b9-22f21857965c","submitted_date_time":"2017-04-11T09:48:58","validation_status":"INPROGRESS","document_id":"911229640","form_submission":{"name":{"first_name":"GOBI","family_name":"DESERT"},"date_of_birth":{"dob_day":"","dob_month":"","dob_year":""},"sex":["female","intersex"],"ur_nz_or_overseas_ind":["new_zealand"],"ur_address":{"street_number":"50","flat_number":"A","street_name":"VALECRESTAVENUE","suburb":"PARKLANDS","city":"CHRISTCHURCH"},"ur_country":"","years_at_ur_address":{"years_at_ur_address_predefined":["less_than_1_year"],"years_at_ur_address_text":""},"cn_at_ur_ind":["ur_address","other_address"],"cn_address":{"street_number":"102","flat_number":"","street_name":"BROADHAVENAVE","suburb":"PARKLANDS","city":"CHRISTCHURCH"},"ethnic_group":{"ethnic_group_predefined":["european","cook_island_maori","tongan"],"ethnic_group_text":""},"country_of_birth":{"country_of_birth_predefined":["nz","australia"],"country_of_birth_text":""},"arrival_in_nz":{"arrival_in_nz_month":"4","arrival_in_nz_year":"1985"},"maori_descent_ind":["yes"],"iwi_known_ind":["yes"],"iwi":[{"name":"NGATI P","region":"NORTH SLAND"},{"name":"","region":""},{"name":"","region":""},{"name":"","region":""}],"ur_address_one_year_ago_ind":["at_ur"],"ur_address_one_year_ago":{"street_number":"","flat_number":"","street_name":"","suburb":"","city":""},"language":{"language_predefined":["english"],"language_text":""},"religion":{"religion_predefined":["no_religion"],"religion_text":"ATHEIST"},"living_arrangements":{"living_arrangements_predefined":["alone"],"living_arrangements_text":""},"study":["full_time"],"travel_to_education":["drive_private_car"],"education_institution":{"name":"MAIREHAU HIGHSCHOOL","suburb":"MAIREHAU","city":"CHCH"},"difficulty_seeing":["some"],"difficulty_hearing":["no"],"difficulty_walking":["no"],"difficulty_remembering":["no"],"difficulty_washing":["no"],"difficulty_communicating":["no"],"smoke_regular_ind":["no"],"smoke_ever_ind":["no"],"legally_registered_relationship_status":["divorced"],"nbr_children_born_alive":{"nbr_children_born_alive_predefined":[""],"nbr_children_born_alive_text":"0"},"home_ownership":["own"],"secondary_school_qual":{"secondary_school_qual_predefined":["higher_school_level_3"],"secondary_school_qual_text":""},"other_qual_ind":["yes"],"post_school_level":{"post_school_level_predefined":["phd"],"post_school_level_text":""},"post_school_subject_text":"BIOLOGY","post_school_location_ind":["nz"],"income_sources":["wages","interest","job_seeker","sole_parent"],"total_income":["70001_to_100000"],"work_ind":["worked_for_pay"],"hours_worked":{"main_job":"40","other_job":""},"employment_status":["paid_employee"],"occupation_text":"LUESTIONNAIREDESIGNER","business_name_text":"STATISTICSNZ","industry_text":"STATS NAKING","workplace_ind":["work_away_from_home"],"workplace_address":{"building_name":"BNZCENTRE","street_shopping_centre":"120HEREFORDST","suburb":"CITYCENTRE","city":"CKH"},"travel_to_work":["drive_company_car"],"job_search_ind":[""],"job_search_methods":[""],"available_for_work_ind":[""],"unpaid_activities":["household_work","child_household","child_not_household"],"telephone_number":""}},{"form_type":"Dwl_Bil","unique_code":"9a3d0150-94d2-442e-b891-1769507ce0b0","submitted_date_time":"2017-04-11T09:48:55","validation_status":"INPROGRESS","document_id":"642124311","form_submission":{"dwell_address":{"street_number":"2","flat_number":"A","street_name":"CALUS AVENUE","suburb":"GONWIGLE","city":""},"dwelling_description":{"dwelling_description_predefined":["house"],"dwelling_description_text":"A REALLY BIG HOUSE"},"joined_ind":["no"],"storeys":["two_or_three"],"owned_or_family_trust":["own_dwelling"],"sector_of_landlord":[""],"rent_ind":[""],"rent_amount":"","rent_period":{"rent_period_predefined":[""],"rent_period_text":""},"mortgage_payments":["yes"],"rooms":{"kitchen_count":"","living_room_count":"3","dining_room_count":"1","bedroom_count":"0","conservatory_count":"","study_room_count":""},"heating":{"heating_predefined":["heat_pump","pellet","other"],"heating_text":"CIOFFGS"},"telecommunications":["no_telecoms"],"motor_vehicle_count":{"motor_vehicle_count_predefined":["one","two"],"motor_vehicle_count_text":"3"},"damp":["yes_always"],"mould":["yes_sometimes"],"amenities":["cooking","tap_water","bath_or_shower","toilet","electricity"],"primary_person":{"first_name":"REFPERSON","family_name":"MAILINGZAL","age":"67"},"people":[{"first_name":"CHILDONG","family_name":"QJDJUGUAL-","age":"6","relationship_predefined":["grandchild"],"relationship_text":""},{"first_name":"ADULTE","family_name":"BILINGMAAL","age":"62","relationship_predefined":["wife_or_husband"],"relationship_text":""},{"first_name":"CHILDR-","family_name":"BELINGUAL","age":"0","relationship_predefined":["mother_or_father"],"relationship_text":""},{"first_name":"","family_name":"","age":"","relationship_predefined":[""],"relationship_text":""},{"first_name":"","family_name":"","age":"","relationship_predefined":[""],"relationship_text":""},{"first_name":"","family_name":"","age":"","relationship_predefined":[""],"relationship_text":""},{"first_name":"","family_name":"","age":"","relationship_predefined":[""],"relationship_text":""}],"all_residents_present":["yes"],"nbr_of_absentees":"","absent_people":[{"first_name":"","family_name":"","age":"","relationship_predefined":[""],"relationship_text":"","sex":[""],"in_nz_on_cn":[""],"time_away_from_nz":[""]},{"first_name":"","family_name":"","age":"","relationship_predefined":[""],"relationship_text":"","sex":[""],"in_nz_on_cn":[""],"time_away_from_nz":[""]}]}},{"form_type":"Dwl_Eng","unique_code":"139fa6f5-d7cd-4a9c-82e1-1b4675947691","submitted_date_time":"2017-04-11T09:48:56","validation_status":"INPROGRESS","document_id":"613948850","form_submission":{"dwell_address":{"street_number":"6","flat_number":"2","street_name":"CAINS AUENUE","suburb":"GONVILLE","city":"WANGANUI"},"dwelling_description":{"dwelling_description_predefined":["townhouse"],"dwelling_description_text":""},"joined_ind":["no"],"storeys":["one_storey"],"owned_or_family_trust":["do_not_own_dwelling"],"sector_of_landlord":["private_property","dont_know"],"rent_ind":["yes"],"rent_amount":"20000","rent_period":{"rent_period_predefined":["other"],"rent_period_text":"Yearly"},"mortgage_payments":[""],"rooms":{"kitchen_count":"","living_room_count":"","dining_room_count":"","bedroom_count":"3","conservatory_count":"0","study_room_count":""},"heating":{"heating_predefined":["heat_pump","wood"],"heating_text":""},"telecommunications":["cellphone","internet"],"motor_vehicle_count":{"motor_vehicle_count_predefined":["two"],"motor_vehicle_count_text":""},"damp":["yes_always"],"mould":["yes_sometimes"],"amenities":["cooking","tap_water","kitchen_sink","fridge","bath_or_shower","toilet","electricity"],"primary_person":{"first_name":"DAD","family_name":"MIXEDMODE","age":"44"},"people":[{"first_name":"MUM","family_name":"MIXEDMODE","age":"35","relationship_predefined":["wife_or_husband"],"relationship_text":""},{"first_name":"TEENAGER","family_name":"MIXEDMODE","age":"13","relationship_predefined":["daughter_or_son"],"relationship_text":""},{"first_name":"CHILD","family_name":"MIXEDMODE","age":"7","relationship_predefined":["daughter_or_son"],"relationship_text":""},{"first_name":"","family_name":"","age":"","relationship_predefined":[""],"relationship_text":""},{"first_name":"","family_name":"","age":"","relationship_predefined":[""],"relationship_text":""},{"first_name":"","family_name":"","age":"","relationship_predefined":[""],"relationship_text":""},{"first_name":"","family_name":"","age":"","relationship_predefined":[""],"relationship_text":""}],"all_residents_present":["yes"],"nbr_of_absentees":"","absent_people":[{"first_name":"","family_name":"","age":"","relationship_predefined":[""],"relationship_text":"","sex":[""],"in_nz_on_cn":[""],"time_away_from_nz":[""]},{"first_name":"","family_name":"","age":"","relationship_predefined":[""],"relationship_text":"","sex":[""],"in_nz_on_cn":[""],"time_away_from_nz":[""]},{"first_name":"","family_name":"","age":"","relationship_predefined":[""],"relationship_text":"","sex":[""],"in_nz_on_cn":[""],"time_away_from_nz":[""]},{"first_name":"","family_name":"","age":"","relationship_predefined":[""],"relationship_text":"","sex":[""],"in_nz_on_cn":[""],"time_away_from_nz":[""]}]}},{"form_type":"Dwl_Bil","unique_code":"10236810-fe50-4e90-ac9d-0bd767e3e175","submitted_date_time":"2017-04-11T09:48:55","validation_status":"INPROGRESS","document_id":"641222611","form_submission":{"dwell_address":{"street_number":"4","flat_number":"A","street_name":"CAIUS AVENUE","suburb":"GONVILLE","city":"WHANGANVI"},"dwelling_description":{"dwelling_description_predefined":["mobile_dwelling"],"dwelling_description_text":""},"joined_ind":["no"],"storeys":["one_storey"],"owned_or_family_trust":["do_not_own_dwelling"],"sector_of_landlord":["private_property"],"rent_ind":["yes"],"rent_amount":"285","rent_period":{"rent_period_predefined":["week"],"rent_period_text":""},"mortgage_payments":[""],"rooms":{"kitchen_count":"1","living_room_count":"1","dining_room_count":"0","bedroom_count":"2","conservatory_count":"0","study_room_count":"0"},"heating":{"heating_predefined":["electric"],"heating_text":""},"telecommunications":["cellphone","internet"],"motor_vehicle_count":{"motor_vehicle_count_predefined":["two"],"motor_vehicle_count_text":""},"damp":["yes_always"],"mould":["yes_always"],"amenities":["cooking","tap_water","kitchen_sink","fridge","bath_or_shower","toilet","electricity"],"primary_person":{"first_name":"SONYA","family_name":"MCGIONE","age":"21"},"people":[{"first_name":"ANDREW","family_name":"MCGLONE","age":"15","relationship_predefined":["daughter_or_son"],"relationship_text":""},{"first_name":"","family_name":"","age":"","relationship_predefined":[""],"relationship_text":""},{"first_name":"","family_name":"","age":"","relationship_predefined":[""],"relationship_text":""},{"first_name":"EILA","family_name":"CUNNAH","age":"23","relationship_predefined":["sister_or_brother"],"relationship_text":""},{"first_name":"OWEN ","family_name":"CUNAAH'","age":"0","relationship_predefined":["wife_or_husband","other"],"relationship_text":"I NEPHED1"},{"first_name":"","family_name":"","age":"","relationship_predefined":[""],"relationship_text":""},{"first_name":"","family_name":"","age":"","relationship_predefined":[""],"relationship_text":""}],"all_residents_present":["no"],"nbr_of_absentees":"1","absent_people":[{"first_name":"OWEN","family_name":"CUNNAH","age":"3","relationship_predefined":["other"],"relationship_text":"NEPHEW","sex":["male"],"in_nz_on_cn":["yes"],"time_away_from_nz":[""]},{"first_name":"","family_name":"","age":"","relationship_predefined":[""],"relationship_text":"","sex":[""],"in_nz_on_cn":[""],"time_away_from_nz":[""]}]}},{"form_type":"Ind_Eng","unique_code":"ceae6a09-204f-4caa-aa44-ddaf76fde1e8","submitted_date_time":"2017-04-11T09:48:58","validation_status":"INPROGRESS","document_id":"614100730","form_submission":{"name":{"first_name":"MU","family_name":"ALTER"},"date_of_birth":{"dob_day":"12","dob_month":"7","dob_year":"14"},"sex":["female"],"ur_nz_or_overseas_ind":[""],"ur_address":{"street_number":"18","flat_number":"","street_name":"CANTERBURY","suburb":"LINWOOL","city":"NGLSON"},"ur_country":"","years_at_ur_address":{"years_at_ur_address_predefined":[""],"years_at_ur_address_text":"1"},"cn_at_ur_ind":["ur_address"],"cn_address":{"street_number":"","flat_number":"","street_name":"","suburb":"","city":""},"ethnic_group":{"ethnic_group_predefined":["maori"],"ethnic_group_text":""},"country_of_birth":{"country_of_birth_predefined":["australia"],"country_of_birth_text":""},"arrival_in_nz":{"arrival_in_nz_month":"","arrival_in_nz_year":"1996"},"maori_descent_ind":["yes"],"iwi_known_ind":["no"],"iwi":[{"name":"","region":""},{"name":"","region":""},{"name":"","region":""},{"name":"","region":""}],"ur_address_one_year_ago_ind":["at_ur"],"ur_address_one_year_ago":{"street_number":"","flat_number":"","street_name":"","suburb":"","city":""},"language":{"language_predefined":["english","maori"],"language_text":""},"religion":{"religion_predefined":["hinduism"],"religion_text":""},"living_arrangements":{"living_arrangements_predefined":["wife_husband","daughter_son"],"living_arrangements_text":""},"study":["no_study"],"travel_to_education":[""],"education_institution":{"name":"","suburb":"","city":""},"difficulty_seeing":["no"],"difficulty_hearing":["no"],"difficulty_walking":["no","cannot_do_at_all"],"difficulty_remembering":["no"],"difficulty_washing":["no"],"difficulty_communicating":["no"],"smoke_regular_ind":["no"],"smoke_ever_ind":["yes"],"legally_registered_relationship_status":["married"],"nbr_children_born_alive":{"nbr_children_born_alive_predefined":[""],"nbr_children_born_alive_text":"7"},"home_ownership":["own"],"secondary_school_qual":{"secondary_school_qual_predefined":["higher_school_level_3"],"secondary_school_qual_text":""},"other_qual_ind":["yes"],"post_school_level":{"post_school_level_predefined":["masters"],"post_school_level_text":""},"post_school_subject_text":"MATH","post_school_location_ind":["nz"],"income_sources":["wages"],"total_income":["60001_to_70000"],"work_ind":["worked_for_pay"],"hours_worked":{"main_job":"31","other_job":""},"employment_status":["paid_employee"],"occupation_text":"TEACHER","business_name_text":"MGATWORKS","industry_text":"A EDUCATIONH","workplace_ind":["work_at_home"],"workplace_address":{"building_name":"","street_shopping_centre":"","suburb":"","city":""},"travel_to_work":[""],"job_search_ind":[""],"job_search_methods":[""],"available_for_work_ind":[""],"unpaid_activities":["household_work","ill_household","volunteer"],"telephone_number":"111111"}},{"form_type":"Ind_Bil","unique_code":"87866909-831c-4b0e-b6bf-d8efab647f23","submitted_date_time":"2017-04-11T09:48:59","validation_status":"INPROGRESS","document_id":"642124311","form_submission":{"name":{"first_name":"CHILOONG","family_name":"RILINGUAL"},"date_of_birth":{"dob_day":"07","dob_month":"07","dob_year":"2050"},"sex":["intersex"],"ur_nz_or_overseas_ind":["new_zealand"],"ur_address":{"street_number":"2","flat_number":"A","street_name":"CAIUS AJEJUS","suburb":"GONVILLE","city":""},"ur_country":"","years_at_ur_address":{"years_at_ur_address_predefined":[""],"years_at_ur_address_text":"6"},"cn_at_ur_ind":["ur_address"],"cn_address":{"street_number":"","flat_number":"","street_name":"","suburb":"","city":""},"ethnic_group":{"ethnic_group_predefined":["european","niuean"],"ethnic_group_text":""},"country_of_birth":{"country_of_birth_predefined":["nz"],"country_of_birth_text":""},"arrival_in_nz":{"arrival_in_nz_month":"","arrival_in_nz_year":""},"maori_descent_ind":["don't_know"],"iwi_known_ind":["no"],"iwi":[{"name":"NEATIAPAILI TERATE","region":"In WELLIOLdEN"},{"name":"","region":""},{"name":"","region":""},{"name":"PGATI HEI","region":""}],"ur_address_one_year_ago_ind":["at_ur"],"ur_address_one_year_ago":{"street_number":"","flat_number":"","street_name":"","suburb":"","city":""},"language":{"language_predefined":["english"],"language_text":""},"religion":{"religion_predefined":[""],"religion_text":""},"living_arrangements":{"living_arrangements_predefined":[""],"living_arrangements_text":""},"study":[""],"travel_to_education":[""],"education_institution":{"name":"","suburb":"","city":""},"difficulty_seeing":[""],"difficulty_hearing":[""],"difficulty_walking":[""],"difficulty_remembering":[""],"difficulty_washing":[""],"difficulty_communicating":[""],"smoke_regular_ind":[""],"smoke_ever_ind":[""],"legally_registered_relationship_status":[""],"nbr_children_born_alive":{"nbr_children_born_alive_predefined":[""],"nbr_children_born_alive_text":""},"home_ownership":[""],"secondary_school_qual":{"secondary_school_qual_predefined":[""],"secondary_school_qual_text":""},"other_qual_ind":[""],"post_school_level":{"post_school_level_predefined":[""],"post_school_level_text":""},"post_school_subject_text":"","post_school_location_ind":[""],"income_sources":[""],"total_income":[""],"work_ind":[""],"hours_worked":{"main_job":"","other_job":""},"employment_status":[""],"occupation_text":"","business_name_text":"","industry_text":"","workplace_ind":[""],"workplace_address":{"building_name":"","street_shopping_centre":"","suburb":"","city":""},"travel_to_work":[""],"job_search_ind":[""],"job_search_methods":[""],"available_for_work_ind":[""],"unpaid_activities":[""],"telephone_number":""}},{"form_type":"Ind_Bil","unique_code":"eb4de18f-efb9-425d-8d4c-33f6dac4606b","submitted_date_time":"2017-04-11T09:48:59","validation_status":"INPROGRESS","document_id":"642231401","form_submission":{"name":{"first_name":"PETE KONG","family_name":"ONEVISITOR"},"date_of_birth":{"dob_day":"07","dob_month":"","dob_year":"1981"},"sex":["male"],"ur_nz_or_overseas_ind":["new_zealand"],"ur_address":{"street_number":"4","flat_number":"","street_name":"LAINS AVENUE","suburb":"GONVILLE","city":"WHAWAANUI"},"ur_country":"","years_at_ur_address":{"years_at_ur_address_predefined":[""],"years_at_ur_address_text":"2"},"cn_at_ur_ind":["ur_address"],"cn_address":{"street_number":"","flat_number":"","street_name":"","suburb":"","city":""},"ethnic_group":{"ethnic_group_predefined":["other"],"ethnic_group_text":"ETHIOPIAN"},"country_of_birth":{"country_of_birth_predefined":["other"],"country_of_birth_text":"ETHIOPIA"},"arrival_in_nz":{"arrival_in_nz_month":"03","arrival_in_nz_year":"1989"},"maori_descent_ind":["no"],"iwi_known_ind":[""],"iwi":[{"name":"","region":""},{"name":"","region":""},{"name":"","region":""},{"name":"","region":""}],"ur_address_one_year_ago_ind":["at_ur"],"ur_address_one_year_ago":{"street_number":"","flat_number":"","street_name":"","suburb":"","city":""},"language":{"language_predefined":["english","other"],"language_text":"AMHARIC"},"religion":{"religion_predefined":["object_to_answer"],"religion_text":""},"living_arrangements":{"living_arrangements_predefined":["wife_husband"],"living_arrangements_text":""},"study":["no_study"],"travel_to_education":[""],"education_institution":{"name":"","suburb":"","city":""},"difficulty_seeing":["no"],"difficulty_hearing":["no"],"difficulty_walking":["no"],"difficulty_remembering":["some"],"difficulty_washing":["no"],"difficulty_communicating":["no"],"smoke_regular_ind":["no"],"smoke_ever_ind":["yes"],"legally_registered_relationship_status":["never_been_married"],"nbr_children_born_alive":{"nbr_children_born_alive_predefined":[""],"nbr_children_born_alive_text":""},"home_ownership":["own"],"secondary_school_qual":{"secondary_school_qual_predefined":["higher_school_level_3"],"secondary_school_qual_text":""},"other_qual_ind":[""],"post_school_level":{"post_school_level_predefined":["postgrad"],"post_school_level_text":""},"post_school_subject_text":"SOCIOLOGY","post_school_location_ind":["nz"],"income_sources":["wages","interest"],"total_income":["60001_to_70000"],"work_ind":["worked_for_pay","worked_without_pay"],"hours_worked":{"main_job":"40","other_job":"7"},"employment_status":["paid_employee"],"occupation_text":"HIGH SCHOOLTEACHER","business_name_text":"WHANWANUI GINDATCOLLEDGE","industry_text":"HIGH SCHOOL","workplace_ind":["work_away_from_home"],"workplace_address":{"building_name":"WHANGANUI COLLEDGE","street_shopping_centre":"27 TAUMARUNUI RD","suburb":"TE MATA","city":"WHANCANUI"},"travel_to_work":["bicycle"],"job_search_ind":[""],"job_search_methods":[""],"available_for_work_ind":[""],"unpaid_activities":["household_work","volunteer"],"telephone_number":"078436720"}},{"form_type":"Ind_Bil","unique_code":"b4324434-4645-4ef7-b4fc-39db7b3c36f5","submitted_date_time":"2017-04-11T09:48:59","validation_status":"INPROGRESS","document_id":"642231401","form_submission":{"name":{"first_name":"SAORI","family_name":"ONEVISITOR"},"date_of_birth":{"dob_day":"31","dob_month":"10","dob_year":"1986"},"sex":["female"],"ur_nz_or_overseas_ind":["new_zealand"],"ur_address":{"street_number":"4","flat_number":"","street_name":"CAIRNS AVENUE","suburb":"GONVILLE","city":"WANGANUI"},"ur_country":"","years_at_ur_address":{"years_at_ur_address_predefined":[""],"years_at_ur_address_text":"2"},"cn_at_ur_ind":["ur_address"],"cn_address":{"street_number":"","flat_number":"","street_name":"","suburb":"","city":" "},"ethnic_group":{"ethnic_group_predefined":["other"],"ethnic_group_text":"JAPENESESHERPAALIEN"},"country_of_birth":{"country_of_birth_predefined":["other"],"country_of_birth_text":"JAPAN  NIPPON"},"arrival_in_nz":{"arrival_in_nz_month":"3","arrival_in_nz_year":"2010"},"maori_descent_ind":["no"],"iwi_known_ind":[""],"iwi":[{"name":"","region":""},{"name":"","region":""},{"name":"","region":""},{"name":"","region":""}],"ur_address_one_year_ago_ind":["at_ur"],"ur_address_one_year_ago":{"street_number":"","flat_number":"","street_name":"","suburb":"","city":""},"language":{"language_predefined":["english"],"language_text":"JAPANESE"},"religion":{"religion_predefined":["buddhism"],"religion_text":"NO THANKS"},"living_arrangements":{"living_arrangements_predefined":["wife_husband"],"living_arrangements_text":""},"study":["no_study"],"travel_to_education":[""],"education_institution":{"name":"","suburb":"","city":""},"difficulty_seeing":["no"],"difficulty_hearing":["some"],"difficulty_walking":["no"],"difficulty_remembering":["no"],"difficulty_washing":["no"],"difficulty_communicating":["no"],"smoke_regular_ind":["no"],"smoke_ever_ind":["no"],"legally_registered_relationship_status":["never_been_married","separated"],"nbr_children_born_alive":{"nbr_children_born_alive_predefined":["none"],"nbr_children_born_alive_text":""},"home_ownership":["own"],"secondary_school_qual":{"secondary_school_qual_predefined":["other","other_overseas"],"secondary_school_qual_text":""},"other_qual_ind":["no"],"post_school_level":{"post_school_level_predefined":[""],"post_school_level_text":""},"post_school_subject_text":"","post_school_location_ind":[""],"income_sources":["wages","job_seeker"],"total_income":["40001_to_50000"],"work_ind":["worked_for_pay"],"hours_worked":{"main_job":"40","other_job":""},"employment_status":["paid_employee"],"occupation_text":"WAITRESS","business_name_text":"CAFEYUM","industry_text":"CAFE","workplace_ind":["work_away_from_home"],"workplace_address":{"building_name":"","street_shopping_centre":"","suburb":"","city":""},"travel_to_work":["public_bus"],"job_search_ind":[""],"job_search_methods":[""],"available_for_work_ind":[""],"unpaid_activities":["none"],"telephone_number":""}},{"form_type":"Ind_Eng","unique_code":"8df6afb9-0829-470a-9879-d9ddd8f2aca9","submitted_date_time":"2017-04-11T09:48:58","validation_status":"INPROGRESS","document_id":"773020723","form_submission":{"name":{"first_name":"PERSON","family_name":"TESTEK"},"date_of_birth":{"dob_day":"09","dob_month":"09","dob_year":"1931"},"sex":["female"],"ur_nz_or_overseas_ind":["new_zealand"],"ur_address":{"street_number":"20","flat_number":"","street_name":"Korinitini 09Road","suburb":"MAAHIWI","city":"WHANGANUI"},"ur_country":"","years_at_ur_address":{"years_at_ur_address_predefined":[""],"years_at_ur_address_text":"1"},"cn_at_ur_ind":["ur_address"],"cn_address":{"street_number":"","flat_number":"","street_name":"","suburb":"","city":""},"ethnic_group":{"ethnic_group_predefined":[""],"ethnic_group_text":""},"country_of_birth":{"country_of_birth_predefined":["south_africa"],"country_of_birth_text":""},"arrival_in_nz":{"arrival_in_nz_month":"","arrival_in_nz_year":"1973"},"maori_descent_ind":["no"],"iwi_known_ind":[""],"iwi":[{"name":"","region":""},{"name":"","region":""},{"name":"","region":""},{"name":"","region":""}],"ur_address_one_year_ago_ind":["other_nz_address"],"ur_address_one_year_ago":{"street_number":"12A","flat_number":"","street_name":"RanZAY Ouud","suburb":"HOPe","city":"NeSON"},"language":{"language_predefined":["english","other"],"language_text":"SOUTH AFrican"},"religion":{"religion_predefined":["no_religion"],"religion_text":""},"living_arrangements":{"living_arrangements_predefined":["other"],"living_arrangements_text":"My CAT"},"study":["no_study"],"travel_to_education":[""],"education_institution":{"name":"","suburb":"","city":""},"difficulty_seeing":["a_lot"],"difficulty_hearing":["a_lot"],"difficulty_walking":["a_lot"],"difficulty_remembering":["a_lot"],"difficulty_washing":["a_lot"],"difficulty_communicating":["some"],"smoke_regular_ind":["yes"],"smoke_ever_ind":[""],"legally_registered_relationship_status":["divorced"],"nbr_children_born_alive":{"nbr_children_born_alive_predefined":["object"],"nbr_children_born_alive_text":""},"home_ownership":["family_trust"],"secondary_school_qual":{"secondary_school_qual_predefined":["school_cert_level_1"],"secondary_school_qual_text":""},"other_qual_ind":["no"],"post_school_level":{"post_school_level_predefined":[""],"post_school_level_text":""},"post_school_subject_text":"","post_school_location_ind":[""],"income_sources":["nz_super","other_super"],"total_income":["25001_to_30000"],"work_ind":["did_not_work"],"hours_worked":{"main_job":"","other_job":""},"employment_status":[""],"occupation_text":"","business_name_text":"","industry_text":"","workplace_ind":[""],"workplace_address":{"building_name":"","street_shopping_centre":"","suburb":"","city":""},"travel_to_work":[""],"job_search_ind":["no"],"job_search_methods":[""],"available_for_work_ind":["no"],"unpaid_activities":["household_work","child_not_household"],"telephone_number":"04123456"}},{"form_type":"Ind_Bil","unique_code":"c15c38cb-728b-4f0f-9e8f-c1d1ee509944","submitted_date_time":"2017-04-11T09:48:59","validation_status":"INPROGRESS","document_id":"642124311","form_submission":{"name":{"first_name":"CHILDZ","family_name":"BINGUiPLL"},"date_of_birth":{"dob_day":"02","dob_month":"01","dob_year":"2017"},"sex":["female"],"ur_nz_or_overseas_ind":[""],"ur_address":{"street_number":"","flat_number":"","street_name":"","suburb":"","city":""},"ur_country":"","years_at_ur_address":{"years_at_ur_address_predefined":[""],"years_at_ur_address_text":""},"cn_at_ur_ind":[""],"cn_address":{"street_number":"","flat_number":"","street_name":"","suburb":"","city":"  U"},"ethnic_group":{"ethnic_group_predefined":[""],"ethnic_group_text":""},"country_of_birth":{"country_of_birth_predefined":[""],"country_of_birth_text":""},"arrival_in_nz":{"arrival_in_nz_month":"","arrival_in_nz_year":""},"maori_descent_ind":[""],"iwi_known_ind":[""],"iwi":[{"name":"","region":""},{"name":"","region":""},{"name":"","region":""},{"name":"","region":""}],"ur_address_one_year_ago_ind":[""],"ur_address_one_year_ago":{"street_number":"","flat_number":"","street_name":"","suburb":"","city":""},"language":{"language_predefined":[""],"language_text":""},"religion":{"religion_predefined":["islam","judaism"],"religion_text":""},"living_arrangements":{"living_arrangements_predefined":["mother_father","daughter_son","sister_brother"],"living_arrangements_text":""},"study":["no_study"],"travel_to_education":[""],"education_institution":{"name":"","suburb":"","city":""},"difficulty_seeing":[""],"difficulty_hearing":[""],"difficulty_walking":[""],"difficulty_remembering":[""],"difficulty_washing":[""],"difficulty_communicating":[""],"smoke_regular_ind":[""],"smoke_ever_ind":[""],"legally_registered_relationship_status":[""],"nbr_children_born_alive":{"nbr_children_born_alive_predefined":[""],"nbr_children_born_alive_text":""},"home_ownership":[""],"secondary_school_qual":{"secondary_school_qual_predefined":[""],"secondary_school_qual_text":""},"other_qual_ind":[""],"post_school_level":{"post_school_level_predefined":[""],"post_school_level_text":""},"post_school_subject_text":"","post_school_location_ind":[""],"income_sources":[""],"total_income":[""],"work_ind":[""],"hours_worked":{"main_job":"","other_job":""},"employment_status":[""],"occupation_text":"","business_name_text":"","industry_text":"","workplace_ind":[""],"workplace_address":{"building_name":"","street_shopping_centre":"","suburb":"","city":""},"travel_to_work":[""],"job_search_ind":[""],"job_search_methods":[""],"available_for_work_ind":[""],"unpaid_activities":[""],"telephone_number":""}},{"form_type":"Ind_Eng","unique_code":"719f2200-9d62-4c4a-950c-23dc31d74bcb","submitted_date_time":"2017-04-11T09:48:58","validation_status":"INPROGRESS","document_id":"613948850","form_submission":{"name":{"first_name":"CHILD","family_name":"MIXEDMODE"},"date_of_birth":{"dob_day":"25","dob_month":"02","dob_year":"2010"},"sex":["intersex"],"ur_nz_or_overseas_ind":["new_zealand"],"ur_address":{"street_number":"6","flat_number":"2","street_name":"CRINS Avenal","suburb":"GorUILLE","city":"WANSAai"},"ur_country":"","years_at_ur_address":{"years_at_ur_address_predefined":[""],"years_at_ur_address_text":"7"},"cn_at_ur_ind":["ur_address"],"cn_address":{"street_number":"","flat_number":"","street_name":"","suburb":"","city":""},"ethnic_group":{"ethnic_group_predefined":["maori"],"ethnic_group_text":""},"country_of_birth":{"country_of_birth_predefined":["nz"],"country_of_birth_text":""},"arrival_in_nz":{"arrival_in_nz_month":"","arrival_in_nz_year":""},"maori_descent_ind":["don't_know"],"iwi_known_ind":["no"],"iwi":[{"name":"","region":""},{"name":"","region":""},{"name":"","region":""},{"name":"","region":""}],"ur_address_one_year_ago_ind":["at_ur"],"ur_address_one_year_ago":{"street_number":"","flat_number":"","street_name":"","suburb":"","city":""},"language":{"language_predefined":["english","maori"],"language_text":""},"religion":{"religion_predefined":["christianity"],"religion_text":"CATHLOIC"},"living_arrangements":{"living_arrangements_predefined":["mother_father","sister_brother"],"living_arrangements_text":"ADMEAFFT"},"study":["full_time","no_study"],"travel_to_education":["walk_or_jog"],"education_institution":{"name":"WANGANUERRIMARY","suburb":"","city":"WARIANDer"},"difficulty_seeing":["no"],"difficulty_hearing":["no"],"difficulty_walking":["no"],"difficulty_remembering":[""],"difficulty_washing":[""],"difficulty_communicating":[""],"smoke_regular_ind":[""],"smoke_ever_ind":[""],"legally_registered_relationship_status":[""],"nbr_children_born_alive":{"nbr_children_born_alive_predefined":[""],"nbr_children_born_alive_text":""},"home_ownership":[""],"secondary_school_qual":{"secondary_school_qual_predefined":[""],"secondary_school_qual_text":""},"other_qual_ind":[""],"post_school_level":{"post_school_level_predefined":[""],"post_school_level_text":""},"post_school_subject_text":"","post_school_location_ind":[""],"income_sources":[""],"total_income":[""],"work_ind":[""],"hours_worked":{"main_job":"","other_job":""},"employment_status":[""],"occupation_text":"","business_name_text":"","industry_text":"","workplace_ind":[""],"workplace_address":{"building_name":"","street_shopping_centre":"","suburb":"","city":""},"travel_to_work":[""],"job_search_ind":[""],"job_search_methods":[""],"available_for_work_ind":[""],"unpaid_activities":[""],"telephone_number":""}},{"form_type":"Ind_Bil","unique_code":"6b6fcd06-bc10-4487-a1dc-6729e1eeb3da","submitted_date_time":"2017-04-11T09:48:59","validation_status":"INPROGRESS","document_id":"642124311","form_submission":{"name":{"first_name":"REFPGRSON","family_name":"BILINGrUAL"},"date_of_birth":{"dob_day":"11","dob_month":"11","dob_year":"1951"},"sex":["female"],"ur_nz_or_overseas_ind":["new_zealand"],"ur_address":{"street_number":"2","flat_number":"A","street_name":"CAIViS WE","suburb":"GONVILLE","city":""},"ur_country":"","years_at_ur_address":{"years_at_ur_address_predefined":[""],"years_at_ur_address_text":"0"},"cn_at_ur_ind":["ur_address"],"cn_address":{"street_number":"","flat_number":"","street_name":"","suburb":"","city":""},"ethnic_group":{"ethnic_group_predefined":["tongan","chinese"],"ethnic_group_text":"SOME SPANISH EGREAC"},"country_of_birth":{"country_of_birth_predefined":[""],"country_of_birth_text":"LIZE ATTOL"},"arrival_in_nz":{"arrival_in_nz_month":"11","arrival_in_nz_year":"691"},"maori_descent_ind":["yes"],"iwi_known_ind":[""],"iwi":[{"name":"RE Tai REwh GUSCoaST","region":""},{"name":"MAH MURUPOKO EGATI APA","region":"RAWLITIKEI"},{"name":"","region":""},{"name":"","region":""}],"ur_address_one_year_ago_ind":["other_nz_address"],"ur_address_one_year_ago":{"street_number":"","flat_number":"","street_name":"CAIRS AVENUE","suburb":"GONVILLE","city":"WANGANUIC"},"language":{"language_predefined":["samoan","nz_sign"],"language_text":""},"religion":{"religion_predefined":["christianity"],"religion_text":""},"living_arrangements":{"living_arrangements_predefined":["wife_husband","daughter_son"],"living_arrangements_text":""},"study":["part_time"],"travel_to_education":["study_at_home"],"education_institution":{"name":"","suburb":"","city":""},"difficulty_seeing":["no"],"difficulty_hearing":["no"],"difficulty_walking":["no"],"difficulty_remembering":["some"],"difficulty_washing":["no"],"difficulty_communicating":["no"],"smoke_regular_ind":["no"],"smoke_ever_ind":["yes"],"legally_registered_relationship_status":["married"],"nbr_children_born_alive":{"nbr_children_born_alive_predefined":[""],"nbr_children_born_alive_text":""},"home_ownership":["own","neither"],"secondary_school_qual":{"secondary_school_qual_predefined":["none"],"secondary_school_qual_text":"LEAX OlH l wark"},"other_qual_ind":["no"],"post_school_level":{"post_school_level_predefined":[""],"post_school_level_text":""},"post_school_subject_text":"","post_school_location_ind":[""],"income_sources":["wages","acc","nz_super"],"total_income":["30001_to_35000"],"work_ind":["worked_for_pay"],"hours_worked":{"main_job":"","other_job":""},"employment_status":["paid_employee"],"occupation_text":"CraB FishN ","business_name_text":"ANITED FishriEs","industry_text":"COCLi ChH","workplace_ind":["work_away_from_home"],"workplace_address":{"building_name":"06 FIXED APOEESS","street_shopping_centre":"","suburb":"","city":""},"travel_to_work":["other"],"job_search_ind":[""],"job_search_methods":[""],"available_for_work_ind":[""],"unpaid_activities":["none"],"telephone_number":"3251"}},{"form_type":"Ind_Bil","unique_code":"53cd5fe4-6d60-432e-b875-e8f66576bfb0","submitted_date_time":"2017-04-11T09:48:59","validation_status":"INPROGRESS","document_id":"641222611","form_submission":{"name":{"first_name":"SONYA","family_name":"MCGLONE"},"date_of_birth":{"dob_day":"20","dob_month":"11","dob_year":"1996"},"sex":["female"],"ur_nz_or_overseas_ind":["new_zealand"],"ur_address":{"street_number":"4","flat_number":"A","street_name":"CAIDS AVENUE","suburb":"GONVILLE","city":"WHANGANVI"},"ur_country":"","years_at_ur_address":{"years_at_ur_address_predefined":[""],"years_at_ur_address_text":"2"},"cn_at_ur_ind":["ur_address"],"cn_address":{"street_number":"","flat_number":"","street_name":"","suburb":"","city":""},"ethnic_group":{"ethnic_group_predefined":["european","samoan","indian"],"ethnic_group_text":""},"country_of_birth":{"country_of_birth_predefined":["nz"],"country_of_birth_text":""},"arrival_in_nz":{"arrival_in_nz_month":"","arrival_in_nz_year":""},"maori_descent_ind":["don't_know"],"iwi_known_ind":["no"],"iwi":[{"name":"","region":""},{"name":"","region":""},{"name":"","region":""},{"name":"","region":""}],"ur_address_one_year_ago_ind":["at_cn"],"ur_address_one_year_ago":{"street_number":"","flat_number":"","street_name":"","suburb":"","city":""},"language":{"language_predefined":["english"],"language_text":""},"religion":{"religion_predefined":["islam","object_to_answer"],"religion_text":""},"living_arrangements":{"living_arrangements_predefined":["mother_father"],"living_arrangements_text":"AUNT COUSIN"},"study":["full_time"],"travel_to_education":["bicycle"],"education_institution":{"name":"CHRISTCHURCH BOXS HIG","suburb":"","city":"CHRISTCHURCH"},"difficulty_seeing":["no"],"difficulty_hearing":["no"],"difficulty_walking":["no"],"difficulty_remembering":["no"],"difficulty_washing":["no"],"difficulty_communicating":["no"],"smoke_regular_ind":["no"],"smoke_ever_ind":["no"],"legally_registered_relationship_status":["never_been_married"],"nbr_children_born_alive":{"nbr_children_born_alive_predefined":[""],"nbr_children_born_alive_text":""},"home_ownership":["neither"],"secondary_school_qual":{"secondary_school_qual_predefined":["none"],"secondary_school_qual_text":""},"other_qual_ind":["no"],"post_school_level":{"post_school_level_predefined":[""],"post_school_level_text":""},"post_school_subject_text":"","post_school_location_ind":[""],"income_sources":["acc","job_seeker","sole_parent","supported_living","no_source"],"total_income":["10001_to_15000"],"work_ind":["did_not_work"],"hours_worked":{"main_job":"","other_job":""},"employment_status":[""],"occupation_text":"","business_name_text":"","industry_text":"","workplace_ind":[""],"workplace_address":{"building_name":"","street_shopping_centre":"","suburb":"","city":""},"travel_to_work":[""],"job_search_ind":["no"],"job_search_methods":[""],"available_for_work_ind":["no"],"unpaid_activities":["household_work","child_household"],"telephone_number":""}},{"form_type":"Ind_Eng","unique_code":"5b6e8e39-ef30-4c9e-ba15-f3c12894116b","submitted_date_time":"2017-04-11T09:48:58","validation_status":"INPROGRESS","document_id":"911380810","form_submission":{"name":{"first_name":"TEST","family_name":"PERSON"},"date_of_birth":{"dob_day":"01","dob_month":"02","dob_year":"1983"},"sex":["male"],"ur_nz_or_overseas_ind":[""],"ur_address":{"street_number":"9","flat_number":"","street_name":"HUDSON STREET","suburb":"FFREBRYNDER","city":"CHRISTCHURCH"},"ur_country":"","years_at_ur_address":{"years_at_ur_address_predefined":[""],"years_at_ur_address_text":"2"},"cn_at_ur_ind":[""],"cn_address":{"street_number":"3154","flat_number":"","street_name":"WHANGANUIRIVER ROAD","suburb":"","city":"WHANGANUI"},"ethnic_group":{"ethnic_group_predefined":["european"],"ethnic_group_text":""},"country_of_birth":{"country_of_birth_predefined":["nz"],"country_of_birth_text":""},"arrival_in_nz":{"arrival_in_nz_month":"","arrival_in_nz_year":""},"maori_descent_ind":["yes"],"iwi_known_ind":["yes"],"iwi":[{"name":"NGAI TAHU","region":"CANTERBURY"},{"name":"","region":""},{"name":"","region":""},{"name":"","region":""}],"ur_address_one_year_ago_ind":["at_ur"],"ur_address_one_year_ago":{"street_number":"","flat_number":"","street_name":"","suburb":"","city":""},"language":{"language_predefined":["english"],"language_text":""},"religion":{"religion_predefined":["christianity"],"religion_text":"CATHOLIC"},"living_arrangements":{"living_arrangements_predefined":["wife_husband"],"living_arrangements_text":""},"study":["no_study"],"travel_to_education":[""],"education_institution":{"name":"","suburb":"","city":""},"difficulty_seeing":["no"],"difficulty_hearing":["no"],"difficulty_walking":["no"],"difficulty_remembering":["no"],"difficulty_washing":["no"],"difficulty_communicating":["no"],"smoke_regular_ind":["yes"],"smoke_ever_ind":[""],"legally_registered_relationship_status":["married"],"nbr_children_born_alive":{"nbr_children_born_alive_predefined":[""],"nbr_children_born_alive_text":""},"home_ownership":["neither"],"secondary_school_qual":{"secondary_school_qual_predefined":["higher_school_level_3"],"secondary_school_qual_text":""},"other_qual_ind":["yes"],"post_school_level":{"post_school_level_predefined":["postgrad"],"post_school_level_text":""},"post_school_subject_text":"MECHANICALENGINEERING","post_school_location_ind":["nz"],"income_sources":["wages"],"total_income":["70001_to_100000"],"work_ind":["worked_for_pay"],"hours_worked":{"main_job":"40","other_job":""},"employment_status":["paid_employee"],"occupation_text":"MICANNICALENGI NEER","business_name_text":"BVT","industry_text":"CONSULTING","workplace_ind":["work_away_from_home"],"workplace_address":{"building_name":"MOORMOUSEAVENUE","street_shopping_centre":"","suburb":"SYDENHAM","city":"CHRISTCHURCH"},"travel_to_work":["bicycle"],"job_search_ind":[""],"job_search_methods":[""],"available_for_work_ind":[""],"unpaid_activities":["none"],"telephone_number":""}},{"form_type":"Ind_Eng","unique_code":"e7aedb56-4b59-4d85-a775-6a563f933559","submitted_date_time":"2017-04-11T09:48:58","validation_status":"INPROGRESS","document_id":"613948850","form_submission":{"name":{"first_name":"OAD","family_name":"MIXEDMODE"},"date_of_birth":{"dob_day":"3","dob_month":"03","dob_year":"1973"},"sex":["male"],"ur_nz_or_overseas_ind":["new_zealand"],"ur_address":{"street_number":"6","flat_number":"2","street_name":"COINS Avenue","suburb":"GONUILLE","city":""},"ur_country":"","years_at_ur_address":{"years_at_ur_address_predefined":[""],"years_at_ur_address_text":"26"},"cn_at_ur_ind":["ur_address"],"cn_address":{"street_number":"","flat_number":"","street_name":"","suburb":"","city":""},"ethnic_group":{"ethnic_group_predefined":["european","maori","chinese","other"],"ethnic_group_text":"NEDZEALANDERBOY"},"country_of_birth":{"country_of_birth_predefined":["nz"],"country_of_birth_text":""},"arrival_in_nz":{"arrival_in_nz_month":"","arrival_in_nz_year":""},"maori_descent_ind":["don't_know"],"iwi_known_ind":["yes"],"iwi":[{"name":"NGARUDI","region":"NORTHISCAND"},{"name":"NGITAM","region":"SOUTHISLAND"},{"name":"","region":""},{"name":"","region":""}],"ur_address_one_year_ago_ind":["at_ur"],"ur_address_one_year_ago":{"street_number":"","flat_number":"","street_name":"","suburb":"","city":""},"language":{"language_predefined":["english","maori","other"],"language_text":"LITTLEFNOIAN"},"religion":{"religion_predefined":["no_religion","object_to_answer"],"religion_text":"AETHIST"},"living_arrangements":{"living_arrangements_predefined":["wife_husband","daughter_son"],"living_arrangements_text":""},"study":["full_time","part_time"],"travel_to_education":["drive_private_car"],"education_institution":{"name":"ARA","suburb":"MADEAS ST","city":"CHCH"},"difficulty_seeing":["no"],"difficulty_hearing":["some"],"difficulty_walking":["a_lot"],"difficulty_remembering":["cannot_do_at_all"],"difficulty_washing":["no"],"difficulty_communicating":["some"],"smoke_regular_ind":["yes"],"smoke_ever_ind":[""],"legally_registered_relationship_status":["married"],"nbr_children_born_alive":{"nbr_children_born_alive_predefined":[""],"nbr_children_born_alive_text":"02"},"home_ownership":["neither"],"secondary_school_qual":{"secondary_school_qual_predefined":["higher_school_level_3"],"secondary_school_qual_text":""},"other_qual_ind":["yes"],"post_school_level":{"post_school_level_predefined":["level_7"],"post_school_level_text":""},"post_school_subject_text":"IT","post_school_location_ind":["nz"],"income_sources":["wages","interest","other_govt"],"total_income":["70001_to_100000"],"work_ind":["worked_for_pay","worked_without_pay"],"hours_worked":{"main_job":"38","other_job":"5"},"employment_status":["paid_employee"],"occupation_text":"ITNiANPGER","business_name_text":"STATS NZ","industry_text":"UVUBASHINGTTFEPOWEROPDATAI","workplace_ind":["work_away_from_home"],"workplace_address":{"building_name":"ENZEENTRE","street_shopping_centre":"120 HEREFORDST","suburb":"","city":"CHRISTCHURCH"},"travel_to_work":["public_bus"],"job_search_ind":[""],"job_search_methods":[""],"available_for_work_ind":[""],"unpaid_activities":["household_work","child_household","ill_household","child_not_household","ill_not_household","volunteer","none"],"telephone_number":"0220230288"}}]