{"batchId":2508,"batchDate":"2017-04-11T09:48:58","batchCount":12,"captureStation":"TIMGWINPSIC01","documents":[{"guid":"5b6e8e39-ef30-4c9e-ba15-f3c12894116b","formType":"Ind_Eng","docId":"911380810"},{"guid":"8df6afb9-0829-470a-9879-d9ddd8f2aca9","formType":"Ind_Eng","docId":"773020723"},{"guid":"e7aedb56-4b59-4d85-a775-6a563f933559","formType":"Ind_Eng","docId":"613948850"},{"guid":"e4caebb5-836c-4b58-92b9-22f21857965c","formType":"Ind_Eng","docId":"911229640"},{"guid":"3b69527d-5ae4-4e9c-a3bf-53b8d3da67de","formType":"Ind_Eng","docId":"614100730"},{"guid":"ceae6a09-204f-4caa-aa44-ddaf76fde1e8","formType":"Ind_Eng","docId":"614100730"},{"guid":"719f2200-9d62-4c4a-950c-23dc31d74bcb","formType":"Ind_Eng","docId":"613948850"},{"guid":"61c6835d-5d2b-4241-99a1-df91826b06af","formType":"Ind_Eng","docId":"613948850"},{"guid":"34f671b3-8207-4c96-96d3-ee5b2ee49f80","formType":"Ind_Eng","docId":"911541490"},{"guid":"05abbcd6-5360-46fc-9090-8e33592b45f8","formType":"Ind_Eng","docId":"911732350"},{"guid":"649f0d1e-e819-4b7c-8533-4e54ef662801","formType":"Ind_Eng","docId":"614100730"},{"guid":"f0399060-10f8-48ea-b1ba-01dd7685f84e","formType":"Ind_Eng","docId":"614100730"}]}