{"batchId":2509,"batchDate":"2017-04-11T09:48:59","batchCount":11,"captureStation":"TIMGWINPSIC02","documents":[{"guid":"c993e49c-d671-4f56-bcbd-0950f68adee3","formType":"Ind_Bil","docId":"642124311"},{"guid":"b0a4bdde-9a8f-46a5-b6c8-806bcf76ce56","formType":"Ind_Bil","docId":"642867781"},{"guid":"cef2723a-5149-4d87-88b6-5ba728a6e8d4","formType":"Ind_Bil","docId":"642231401"},{"guid":"bf376071-bd18-4173-81de-4b471ec45494","formType":"Ind_Bil","docId":"642231401"},{"guid":"3ce5c2ad-e3ae-4693-9251-c873fa00b6b5","formType":"Ind_Bil","docId":"642231401"},{"guid":"0756ee72-9952-46d2-8b25-96ab1351dcee","formType":"Ind_Bil","docId":"641222611"},{"guid":"35420714-172a-405d-892d-1f15642d0ca5","formType":"Ind_Bil","docId":"641222611"},{"guid":"1747ef44-c0dc-464c-913d-2e5bb5b233ac","formType":"Ind_Bil","docId":"641222611"},{"guid":"8be9dd7e-23ae-4fb1-a61f-87429f96c92b","formType":"Ind_Bil","docId":"642124311"},{"guid":"cfcc4aa4-95df-4751-b7f6-dd5f9aa2cb00","formType":"Ind_Bil","docId":"642124311"},{"guid":"af7b5858-9881-4dd2-ae89-dcd9fe00ff0d","formType":"Ind_Bil","docId":"642124311"}]}