{"batchId":2509,"batchDate":"2017-04-11T09:48:59","batchCount":11,"captureStation":"TIMGWINPSIC02","documents":[{"guid":"66a43004-58c3-4064-bb0d-32ee8bba7594","formType":"Ind_Bil","docId":"642124311"},{"guid":"a07b9b0b-d904-4828-abce-eca5a0ed8ccf","formType":"Ind_Bil","docId":"642867781"},{"guid":"2743b34e-1d0f-4c8b-91c0-109da3d53391","formType":"Ind_Bil","docId":"642231401"},{"guid":"0c1fc023-3021-4f9a-9809-6349b54f823b","formType":"Ind_Bil","docId":"642231401"},{"guid":"77514b8c-0b2b-4311-94c0-7d9c0ff9218b","formType":"Ind_Bil","docId":"642231401"},{"guid":"f5b7e63b-ba74-467d-949b-9dc2f0c609b2","formType":"Ind_Bil","docId":"641222611"},{"guid":"020a2a85-fd82-4d8f-acdf-c9df2b9f6956","formType":"Ind_Bil","docId":"641222611"},{"guid":"bba14277-8cc3-47af-8ac0-8f90172a29e1","formType":"Ind_Bil","docId":"641222611"},{"guid":"344af05f-aba5-46e0-ad3e-4be2f4461b5a","formType":"Ind_Bil","docId":"642124311"},{"guid":"6ddcf65e-e31d-4e17-aa77-6c12b0442411","formType":"Ind_Bil","docId":"642124311"},{"guid":"6dab4619-6059-4799-8371-322d6206a8d4","formType":"Ind_Bil","docId":"642124311"}]}